Index,DC
t0,0
t1,0
t2,102
t3,102
t4,102
t5,102
t6,101
t7,100
t8,100
t9,100
t10,100
t11,100
t12,100
t13,100
t14,100
t15,101
t16,101
t17,100
t18,101
t19,101
t20,100
t21,100
t22,100
t23,101
t24,101
t25,100
t26,101
t27,102
t28,102
t29,101
t30,100
t31,101
t32,101
t33,100
t34,100
t35,101
t36,101
t37,101
t38,101
t39,100
t40,100
t41,100
t42,100
t43,100
t44,101
t45,101
t46,101
t47,101
t48,100
t49,101
t50,101
t51,101
t52,102
t53,101
t54,100
t55,100
t56,101
t57,101
t58,101
t59,102
t60,101
t61,101
t62,101
t63,101
t64,101
t65,101
t66,101
t67,101
t68,101
t69,100
t70,100
t71,100
t72,100
t73,100
t74,101
t75,102
t76,102
t77,101
t78,101
t79,101
t80,100
t81,101
t82,102
t83,102
t84,102
t85,101
t86,100
t87,100
t88,100
t89,100
t90,100
t91,99
t92,99
t93,99
t94,99
t95,100
t96,100
t97,100
t98,100
t99,100
t100,100
t101,100
t102,99
t103,99
t104,100
t105,100
t106,100
t107,99
t108,99
t109,100
t110,100
t111,100
t112,100
t113,100
t114,100
t115,100
t116,100
t117,101
t118,100
t119,99
t120,100
t121,101
t122,101
t123,100
t124,101
t125,101
t126,100
t127,100
t128,100
t129,100
t130,100
t131,101
t132,101
t133,100
t134,102
t135,106
t136,107
t137,103
t138,101
t139,102
t140,102
t141,103
t142,103
t143,102
t144,102
t145,103
t146,104
t147,103
t148,103
t149,103
t150,102
t151,103
t152,103
t153,102
t154,102
t155,101
t156,101
t157,102
t158,102
t159,102
t160,102
t161,102
t162,102
t163,102
t164,102
t165,102
t166,102
t167,102
t168,102
t169,103
t170,105
t171,104
t172,103
t173,103
t174,102
t175,103
t176,103
t177,102
t178,102
t179,102
t180,103
t181,106
t182,102
t183,99
t184,102
t185,102
t186,102
t187,103
t188,103
t189,102
t190,102
t191,102
t192,102
t193,102
t194,102
t195,102
t196,102
t197,102
t198,102
t199,102
t200,102
t201,103
t202,102
t203,101
t204,103
t205,102
t206,102
t207,103
t208,102
t209,102
t210,101
t211,102
t212,103
t213,101
t214,101
t215,102
t216,101
t217,100
t218,101
t219,102
t220,102
t221,102
t222,101
t223,100
t224,101
t225,101
t226,101
t227,101
t228,102
t229,103
t230,102
t231,101
t232,100
t233,101
t234,102
t235,102
t236,102
t237,101
t238,101
t239,102
t240,101
t241,101
t242,102
t243,102
t244,102
t245,101
t246,101
t247,101
t248,101
t249,102
t250,101
t251,101
t252,102
t253,102
t254,102
t255,102
t256,102
t257,102
t258,101
t259,101
t260,102
t261,102
t262,101
t263,101
t264,102
t265,101
t266,101
t267,102
t268,102
t269,101
t270,101
t271,101
t272,101
t273,101
t274,100
t275,101
t276,102
t277,102
t278,102
t279,102
t280,101
t281,101
t282,102
t283,102
t284,102
t285,102
t286,102
t287,101
t288,101
t289,102
t290,102
t291,102
t292,103
t293,103
t294,102
t295,102
t296,102
t297,102
t298,102
t299,102
t300,102
t301,102
t302,105
t303,109
t304,109
t305,105
t306,102
t307,101
t308,101
t309,101
t310,102
t311,102
t312,101
t313,102
t314,102
t315,102
t316,101
t317,101
t318,102
t319,101
t320,100
t321,101
t322,101
t323,100
t324,101
t325,102
t326,102
t327,104
t328,104
t329,102
t330,101
t331,100
t332,101
t333,101
t334,100
t335,101
t336,101
t337,100
t338,101
t339,102
t340,102
t341,102
t342,101
t343,100
t344,101
t345,102
t346,102
t347,102
t348,101
t349,101
t350,102
t351,101
t352,100
t353,102
t354,102
t355,101
t356,101
t357,100
t358,101
t359,102
t360,101
t361,101
t362,101
t363,101
t364,101
t365,100
t366,100
t367,101
t368,102
t369,101
t370,101
t371,101
t372,100
t373,100
t374,101
t375,101
t376,101
t377,101
t378,101
t379,102
t380,102
t381,102
t382,102
t383,101
t384,100
t385,100
t386,100
t387,101
t388,101
t389,100
t390,100
t391,101
t392,101
t393,101
t394,102
t395,102
t396,102
t397,103
t398,103
t399,103
t400,103
t401,102
t402,102
t403,101
t404,102
t405,103
t406,102
t407,102
t408,102
t409,101
t410,101
t411,102
t412,102
t413,101
t414,101
t415,101
t416,101
t417,101
t418,101
t419,101
t420,101
t421,102
t422,102
t423,101
t424,101
t425,103
t426,101
t427,100
t428,101
t429,100
t430,101
t431,101
t432,100
t433,101
t434,101
t435,101
t436,101
t437,101
t438,101
t439,100
t440,100
t441,100
t442,101
t443,101
t444,101
t445,101
t446,101
t447,102
t448,101
t449,100
t450,100
t451,101
t452,101
t453,101
t454,101
t455,101
t456,101
t457,101
t458,102
t459,103
t460,102
t461,101
t462,102
t463,102
t464,101
t465,101
t466,102
t467,102
t468,101
t469,101
t470,102
t471,101
t472,101
t473,101
t474,101
t475,101
t476,100
t477,100
t478,101
t479,102
t480,102
t481,102
t482,101
t483,101
t484,102
t485,101
t486,101
t487,101
t488,101
t489,102
t490,101
t491,101
t492,101
t493,101
t494,102
t495,101
t496,101
t497,101
t498,100
t499,101
t500,101
t501,100
t502,101
t503,102
t504,101
t505,101
t506,102
t507,102
t508,102
t509,102
t510,101
t511,102
t512,102
t513,101
t514,102
t515,102
t516,102
t517,102
t518,102
t519,102
t520,102
t521,102
t522,102
t523,101
t524,100
t525,101
t526,102
t527,102
t528,101
t529,100
t530,101
t531,102
t532,102
t533,101
t534,101
t535,101
t536,101
t537,101
t538,100
t539,101
t540,101
t541,100
t542,101
t543,101
t544,101
t545,101
t546,100
t547,100
t548,101
t549,101
t550,101
t551,101
t552,100
t553,101
t554,102
t555,101
t556,101
t557,102
t558,102
t559,102
t560,101
t561,101
t562,102
t563,102
t564,103
t565,103
t566,102
t567,102
t568,101
t569,101
t570,102
t571,101
t572,101
t573,102
t574,102
t575,102
t576,102
t577,102
t578,102
t579,102
t580,102
t581,101
t582,101
t583,101
t584,101
t585,103
t586,103
t587,102
t588,102
t589,102
t590,102
t591,102
t592,102
t593,102
t594,102
t595,102
t596,102
t597,102
t598,102
t599,102
t600,102
t601,102
t602,103
t603,103
t604,102
t605,102
t606,102
t607,102
t608,102
t609,102
t610,102
t611,101
t612,101
t613,102
t614,102
t615,102
t616,102
t617,102
t618,102
t619,101
t620,101
t621,102
t622,102
t623,101
t624,101
t625,101
t626,101
t627,102
t628,102
t629,102
t630,101
t631,101
t632,102
t633,102
t634,102
t635,103
t636,103
t637,102
t638,102
t639,102
t640,102
t641,102
t642,102
t643,102
t644,101
t645,101
t646,102
t647,102
t648,101
t649,101
t650,102
t651,102
t652,102
t653,102
t654,102
t655,101
t656,101
t657,102
t658,101
t659,102
t660,103
t661,102
t662,104
t663,108
t664,110
t665,109
t666,106
t667,103
t668,102
t669,103
t670,103
t671,102
t672,102
t673,102
t674,102
t675,103
t676,103
t677,102
t678,102
t679,102
t680,102
t681,101
t682,101
t683,102
t684,102
t685,102
t686,102
t687,103
t688,103
t689,102
t690,102
t691,102
t692,102
t693,102
t694,101
t695,101
t696,102
t697,102
t698,102
t699,102
t700,102
t701,102
t702,102
t703,102
t704,102
t705,102
t706,102
t707,102
t708,102
t709,102
t710,102
t711,102
t712,102
t713,102
t714,102
t715,101
t716,101
t717,101
t718,101
t719,102
t720,102
t721,102
t722,102
t723,102
t724,102
t725,101
t726,102
t727,103
t728,102
t729,101
t730,101
t731,102
t732,102
t733,102
t734,102
t735,102
t736,101
t737,102
t738,102
t739,100
t740,102
t741,102
t742,101
t743,102
t744,101
t745,101
t746,101
t747,101
t748,102
t749,102
t750,102
t751,101
t752,101
t753,102
t754,102
t755,102
t756,102
t757,102
t758,102
t759,102
t760,102
t761,102
t762,102
t763,102
t764,102
t765,102
t766,102
t767,102
t768,102
t769,102
t770,102
t771,103
t772,102
t773,101
t774,102
t775,102
t776,101
t777,101
t778,102
t779,102
t780,102
t781,102
t782,102
t783,102
t784,102
t785,102
t786,102
t787,102
t788,102
t789,102
t790,102
t791,102
t792,102
t793,102
t794,102
t795,102
t796,102
t797,102
t798,102
t799,102
t800,102
t801,102
t802,102
t803,102
t804,102
t805,102
t806,102
t807,102
t808,102
t809,103
t810,103
t811,102
t812,102
t813,102
t814,102
t815,102
t816,102
t817,103
t818,103
t819,102
t820,102
t821,102
t822,102
t823,102
t824,102
t825,102
t826,102
t827,102
t828,102
t829,102
t830,102
t831,102
t832,102
t833,102
t834,102
t835,102
t836,103
t837,103
t838,102
t839,103
t840,103
t841,102
t842,102
t843,103
t844,104
t845,103
t846,103
t847,103
t848,103
t849,103
t850,102
t851,103
t852,103
t853,102
t854,102
t855,103
t856,103
t857,103
t858,105
t859,105
t860,103
t861,102
t862,103
t863,104
t864,103
t865,104
t866,105
t867,103
t868,102
t869,103
t870,103
t871,103
t872,103
t873,102
t874,103
t875,103
t876,103
t877,103
t878,102
t879,103
t880,103
t881,102
t882,102
t883,102
t884,102
t885,102
t886,102
t887,102
t888,102
t889,102
t890,102
t891,102
t892,102
t893,102
t894,102
t895,102
t896,102
t897,102
t898,102
t899,102
t900,102
t901,102
t902,102
t903,102
t904,102
t905,102
t906,102
t907,102
t908,102
t909,103
t910,104
t911,104
t912,103
t913,103
t914,103
t915,102
t916,102
t917,102
t918,102
t919,102
t920,102
t921,102
t922,103
t923,103
t924,102
t925,102
t926,101
t927,101
t928,102
t929,102
t930,102
t931,101
t932,101
t933,102
t934,101
t935,101
t936,102
t937,101
t938,101
t939,102
t940,101
t941,101
t942,102
t943,101
t944,101
t945,101
t946,101
t947,102
t948,101
t949,101
t950,102
t951,102
t952,102
t953,102
t954,102
t955,101
t956,101
t957,102
t958,102
t959,102
t960,102
t961,101
t962,101
t963,102
t964,102
t965,101
t966,101
t967,102
t968,102
t969,102
t970,102
t971,102
t972,102
t973,102
t974,102
t975,102
t976,101
t977,101
t978,102
t979,102
t980,102
t981,102
t982,101
t983,101
t984,102
t985,102
t986,102
t987,102
t988,102
t989,102
t990,101
t991,101
t992,101
t993,101
t994,102
t995,102
t996,102
t997,102
t998,102
t999,102
t1000,101
t1001,101
t1002,102
t1003,102
t1004,102
t1005,102
t1006,101
t1007,101
t1008,102
t1009,102
t1010,102
t1011,102
t1012,102
t1013,102
t1014,102
t1015,102
t1016,101
t1017,101
t1018,102
t1019,103
t1020,102
t1021,101
t1022,101
t1023,101
t1024,102
t1025,102
t1026,101
t1027,101
t1028,102
t1029,101
t1030,101
t1031,102
t1032,101
t1033,101
t1034,101
t1035,102
t1036,103
t1037,102
t1038,102
t1039,102
t1040,102
t1041,102
t1042,102
t1043,102
t1044,102
t1045,102
t1046,102
t1047,103
t1048,103
t1049,102
t1050,104
t1051,104
t1052,102
t1053,101
t1054,101
t1055,102
t1056,102
t1057,102
t1058,102
t1059,103
t1060,103
t1061,102
t1062,101
t1063,101
t1064,102
t1065,102
t1066,102
t1067,102
t1068,102
t1069,103
t1070,104
t1071,104
t1072,103
t1073,106
t1074,107
t1075,103
t1076,103
t1077,103
t1078,101
t1079,102
t1080,103
t1081,102
t1082,102
t1083,103
t1084,103
t1085,102
t1086,102
t1087,102
t1088,102
t1089,101
t1090,101
t1091,102
t1092,103
t1093,106
t1094,108
t1095,109
t1096,110
t1097,111
t1098,109
t1099,104
t1100,103
t1101,103
t1102,101
t1103,102
t1104,103
t1105,102
t1106,102
t1107,103
t1108,103
t1109,102
t1110,102
t1111,102
t1112,102
t1113,101
t1114,101
t1115,103
t1116,105
t1117,108
t1118,108
t1119,108
t1120,107
t1121,105
t1122,104
t1123,102
t1124,102
t1125,103
t1126,103
t1127,103
t1128,103
t1129,102
t1130,103
t1131,104
t1132,103
t1133,102
t1134,102
t1135,102
t1136,101
t1137,101
t1138,102
t1139,102
t1140,102
t1141,103
t1142,103
t1143,103
t1144,103
t1145,102
t1146,102
t1147,102
t1148,102
t1149,103
t1150,103
t1151,103
t1152,103
t1153,102
t1154,102
t1155,102
t1156,103
t1157,103
t1158,102
t1159,102
t1160,102
t1161,102
t1162,102
t1163,102
t1164,103
t1165,103
t1166,103
t1167,103
t1168,102
t1169,103
t1170,103
t1171,102
t1172,102
t1173,102
t1174,102
t1175,103
t1176,104
t1177,103
t1178,102
t1179,103
t1180,103
t1181,103
t1182,103
t1183,103
t1184,103
t1185,102
t1186,102
t1187,102
t1188,103
t1189,104
t1190,102
t1191,102
t1192,102
t1193,101
t1194,103
t1195,103
t1196,102
t1197,106
t1198,105
t1199,99
t1200,100
t1201,103
t1202,103
t1203,102
t1204,102
t1205,102
t1206,102
t1207,101
t1208,101
t1209,102
t1210,101
t1211,101
t1212,101
t1213,101
t1214,103
t1215,102
t1216,100
t1217,101
t1218,102
t1219,102
t1220,102
t1221,102
t1222,102
t1223,101
t1224,101
t1225,102
t1226,102
t1227,102
t1228,102
t1229,102
t1230,102
t1231,102
t1232,101
t1233,101
t1234,102
t1235,101
t1236,101
t1237,102
t1238,102
t1239,101
t1240,101
t1241,101
t1242,101
t1243,101
t1244,101
t1245,102
t1246,102
t1247,101
t1248,101
t1249,102
t1250,101
t1251,102
t1252,103
t1253,101
t1254,101
t1255,102
t1256,101
t1257,102
t1258,103
t1259,102
t1260,102
t1261,102
t1262,102
t1263,103
t1264,103
t1265,102
t1266,102
t1267,102
t1268,102
t1269,101
t1270,101
t1271,102
t1272,102
t1273,102
t1274,102
t1275,103
t1276,103
t1277,102
t1278,102
t1279,101
t1280,101
t1281,102
t1282,102
t1283,102
t1284,102
t1285,102
t1286,102
t1287,102
t1288,102
t1289,103
t1290,103
t1291,101
t1292,101
t1293,102
t1294,102
t1295,103
t1296,103
t1297,102
t1298,102
t1299,102
t1300,102
t1301,103
t1302,103
t1303,102
t1304,102
t1305,102
t1306,102
t1307,102
t1308,102
t1309,102
t1310,103
t1311,104
t1312,103
t1313,102
t1314,102
t1315,102
t1316,102
t1317,102
t1318,103
t1319,103
t1320,102
t1321,102
t1322,102
t1323,102
t1324,102
t1325,102
t1326,103
t1327,102
t1328,101
t1329,102
t1330,102
t1331,102
t1332,103
t1333,103
t1334,102
t1335,102
t1336,102
t1337,102
t1338,103
t1339,103
t1340,102
t1341,102
t1342,102
t1343,102
t1344,102
t1345,102
t1346,102
t1347,103
t1348,103
t1349,102
t1350,102
t1351,102
t1352,102
t1353,103
t1354,103
t1355,102
t1356,103
t1357,102
t1358,102
t1359,103
t1360,102
t1361,102
t1362,102
t1363,102
t1364,102
t1365,101
t1366,101
t1367,102
t1368,102
t1369,101
t1370,101
t1371,102
t1372,102
t1373,102
t1374,102
t1375,101
t1376,101
t1377,102
t1378,102
t1379,101
t1380,101
t1381,101
t1382,101
t1383,101
t1384,101
t1385,102
t1386,101
t1387,101
t1388,102
t1389,101
t1390,102
t1391,102
t1392,101
t1393,102
t1394,102
t1395,103
t1396,103
t1397,102
t1398,102
t1399,102
t1400,102
t1401,102
t1402,102
t1403,101
t1404,101
t1405,103
t1406,103
t1407,102
t1408,102
t1409,102
t1410,102
t1411,102
t1412,102
t1413,102
t1414,102
t1415,102
t1416,102
t1417,102
t1418,102
t1419,102
t1420,102
t1421,102
t1422,102
t1423,103
t1424,103
t1425,102
t1426,102
t1427,102
t1428,102
t1429,102
t1430,106
t1431,108
t1432,106
t1433,106
t1434,104
t1435,103
t1436,103
t1437,102
t1438,102
t1439,102
t1440,102
t1441,102
t1442,102
t1443,103
t1444,103
t1445,102
t1446,102
t1447,102
t1448,102
t1449,103
t1450,103
t1451,102
t1452,103
t1453,104
t1454,103
t1455,103
t1456,104
t1457,105
t1458,104
t1459,102
t1460,102
t1461,102
t1462,102
t1463,102
t1464,102
t1465,103
t1466,103
t1467,102
t1468,101
t1469,101
t1470,102
t1471,102
t1472,101
t1473,101
t1474,102
t1475,103
t1476,103
t1477,103
t1478,104
t1479,103
t1480,103
t1481,104
t1482,104
t1483,102
t1484,102
t1485,104
t1486,103
t1487,103
t1488,103
t1489,102
t1490,103
t1491,104
t1492,104
t1493,104
t1494,103
t1495,102
t1496,102
t1497,102
t1498,103
t1499,104
t1500,103
t1501,102
t1502,103
t1503,104
t1504,104
t1505,103
t1506,102
t1507,102
t1508,102
t1509,102
t1510,102
t1511,102
t1512,102
t1513,102
t1514,102
t1515,103
t1516,103
t1517,102
t1518,102
t1519,103
t1520,103
t1521,102
t1522,102
t1523,98
t1524,102
t1525,106
t1526,103
t1527,104
t1528,103
t1529,102
t1530,102
t1531,102
t1532,102
t1533,102
t1534,103
t1535,103
t1536,103
t1537,103
t1538,103
t1539,103
t1540,102
t1541,102
t1542,103
t1543,103
t1544,102
t1545,102
t1546,102
t1547,102
t1548,102
t1549,103
t1550,103
t1551,102
t1552,102
t1553,102
t1554,102
t1555,103
t1556,103
t1557,103
t1558,103
t1559,103
t1560,103
t1561,102
t1562,103
t1563,103
t1564,103
t1565,104
t1566,104
t1567,103
t1568,102
t1569,102
t1570,102
t1571,103
t1572,103
t1573,102
t1574,103
t1575,103
t1576,103
t1577,104
t1578,104
t1579,103
t1580,104
t1581,105
t1582,103
t1583,103
t1584,103
t1585,102
t1586,103
t1587,104
t1588,103
t1589,102
t1590,102
t1591,102
t1592,102
t1593,103
t1594,103
t1595,102
t1596,104
t1597,105
t1598,103
t1599,104
t1600,104
t1601,102
t1602,103
t1603,104
t1604,104
t1605,104
t1606,103
t1607,103
t1608,103
t1609,102
t1610,102
t1611,103
t1612,104
t1613,103
t1614,103
t1615,103
t1616,103
t1617,103
t1618,103
t1619,103
t1620,103
t1621,103
t1622,103
t1623,103
t1624,103
t1625,104
t1626,103
t1627,102
t1628,103
t1629,103
t1630,102
t1631,103
t1632,103
t1633,103
t1634,103
t1635,103
t1636,104
t1637,103
t1638,103
t1639,103
t1640,102
t1641,102
t1642,104
t1643,105
t1644,103
t1645,103
t1646,104
t1647,105
t1648,106
t1649,107
t1650,106
t1651,105
t1652,105
t1653,104
t1654,104
t1655,103
t1656,103
t1657,104
t1658,103
t1659,103
t1660,104
t1661,105
t1662,105
t1663,104
t1664,103
t1665,103
t1666,104
t1667,105
t1668,105
t1669,104
t1670,104
t1671,105
t1672,106
t1673,107
t1674,106
t1675,104
t1676,104
t1677,105
t1678,106
t1679,105
t1680,105
t1681,105
t1682,104
t1683,103
t1684,103
t1685,105
t1686,105
t1687,103
t1688,103
t1689,103
t1690,103
t1691,104
t1692,104
t1693,104
t1694,104
t1695,104
t1696,104
t1697,105
t1698,106
t1699,105
t1700,104
t1701,104
t1702,103
t1703,104
t1704,104
t1705,104
t1706,105
t1707,103
t1708,103
t1709,104
t1710,104
t1711,104
t1712,103
t1713,104
t1714,105
t1715,104
t1716,104
t1717,105
t1718,105
t1719,104
t1720,104
t1721,104
t1722,105
t1723,104
t1724,103
t1725,104
t1726,103
t1727,103
t1728,104
t1729,104
t1730,104
t1731,105
t1732,105
t1733,103
t1734,103
t1735,104
t1736,104
t1737,103
t1738,103
t1739,104
t1740,104
t1741,103
t1742,103
t1743,105
t1744,105
t1745,104
t1746,105
t1747,105
t1748,104
t1749,105
t1750,105
t1751,104
t1752,105
t1753,105
t1754,105
t1755,106
t1756,105
t1757,104
t1758,104
t1759,104
t1760,104
t1761,105
t1762,105
t1763,104
t1764,104
t1765,105
t1766,106
t1767,106
t1768,105
t1769,105
t1770,106
t1771,105
t1772,106
t1773,106
t1774,105
t1775,105
t1776,104
t1777,105
t1778,106
t1779,106
t1780,105
t1781,104
t1782,104
t1783,105
t1784,105
t1785,105
t1786,105
t1787,105
t1788,105
t1789,105
t1790,106
t1791,107
t1792,111
t1793,109
t1794,106
t1795,107
t1796,105
t1797,105
t1798,106
t1799,105
t1800,104
t1801,105
t1802,105
t1803,104
t1804,106
t1805,106
t1806,104
t1807,104
t1808,104
t1809,104
t1810,104
t1811,104
t1812,104
t1813,104
t1814,106
t1815,107
t1816,107
t1817,106
t1818,104
t1819,103
t1820,103
t1821,103
t1822,103
t1823,103
t1824,103
t1825,103
t1826,104
t1827,105
t1828,104
t1829,104
t1830,104
t1831,103
t1832,103
t1833,104
t1834,104
t1835,104
t1836,104
t1837,104
t1838,104
t1839,105
t1840,105
t1841,105
t1842,105
t1843,104
t1844,104
t1845,104
t1846,104
t1847,104
t1848,104
t1849,104
t1850,104
t1851,104
t1852,104
t1853,104
t1854,104
t1855,103
t1856,103
t1857,104
t1858,103
t1859,103
t1860,104
t1861,105
t1862,105
t1863,104
t1864,104
t1865,104
t1866,105
t1867,105
t1868,104
t1869,103
t1870,103
t1871,105
t1872,104
t1873,103
t1874,104
t1875,105
t1876,104
t1877,103
t1878,103
t1879,102
t1880,102
t1881,103
t1882,103
t1883,103
t1884,104
t1885,104
t1886,104
t1887,104
t1888,104
t1889,104
t1890,104
t1891,104
t1892,104
t1893,104
t1894,103
t1895,103
t1896,104
t1897,104
t1898,103
t1899,104
t1900,105
t1901,104
t1902,104
t1903,103
t1904,103
t1905,104
t1906,103
t1907,103
t1908,104
t1909,104
t1910,104
t1911,106
t1912,106
t1913,106
t1914,106
t1915,105
t1916,106
t1917,106
t1918,105
t1919,104
t1920,105
t1921,105
t1922,104
t1923,104
t1924,104
t1925,104
t1926,104
t1927,104
t1928,104
t1929,104
t1930,104
t1931,103
t1932,103
t1933,104
t1934,104
t1935,103
t1936,103
t1937,104
t1938,103
t1939,103
t1940,104
t1941,103
t1942,103
t1943,104
t1944,104
t1945,103
t1946,103
t1947,104
t1948,104
t1949,103
t1950,103
t1951,103
t1952,103
t1953,104
t1954,104
t1955,104
t1956,104
t1957,104
t1958,104
t1959,104
t1960,103
t1961,103
t1962,104
t1963,104
t1964,104
t1965,103
t1966,103
t1967,103
t1968,103
t1969,104
t1970,104
t1971,105
t1972,104
t1973,103
t1974,104
t1975,103
t1976,103
t1977,103
t1978,103
t1979,104
t1980,104
t1981,104
t1982,104
t1983,104
t1984,104
t1985,104
t1986,104
t1987,103
t1988,103
t1989,103
t1990,103
t1991,104
t1992,104
t1993,103
t1994,103
t1995,103
t1996,103
t1997,104
t1998,103
t1999,103
t2000,104
t2001,104
t2002,103
t2003,103
t2004,103
t2005,104
t2006,105
t2007,103
t2008,102
t2009,103
t2010,104
t2011,103
t2012,103
t2013,103
t2014,103
t2015,104
t2016,104
t2017,105
t2018,104
t2019,103
t2020,104
t2021,104
t2022,104
t2023,103
t2024,103
t2025,104
t2026,104
t2027,104
t2028,103
t2029,103
t2030,104
t2031,103
t2032,102
t2033,103
t2034,104
t2035,103
t2036,103
t2037,103
t2038,102
t2039,103
t2040,103
t2041,103
t2042,104
t2043,104
t2044,104
t2045,104
t2046,104
t2047,104
t2048,103
t2049,103
t2050,104
t2051,104
t2052,104
t2053,104
t2054,104
t2055,105
t2056,105
t2057,104
t2058,103
t2059,103
t2060,103
t2061,102
t2062,102
t2063,103
t2064,104
t2065,104
t2066,104
t2067,105
t2068,106
t2069,105
t2070,104
t2071,104
t2072,104
t2073,105
t2074,105
t2075,105
t2076,106
t2077,105
t2078,104
t2079,104
t2080,104
t2081,104
t2082,104
t2083,104
t2084,103
t2085,102
t2086,102
t2087,103
t2088,104
t2089,103
t2090,103
t2091,105
t2092,105
t2093,104
t2094,104
t2095,104
t2096,103
t2097,103
t2098,104
t2099,104
t2100,103
t2101,104
t2102,105
t2103,104
t2104,104
t2105,104
t2106,103
t2107,103
t2108,103
t2109,103
t2110,103
t2111,103
t2112,103
t2113,102
t2114,103
t2115,103
t2116,103
t2117,104
t2118,103
t2119,103
t2120,103
t2121,103
t2122,103
t2123,103
t2124,104
t2125,103
t2126,102
t2127,103
t2128,103
t2129,102
t2130,102
t2131,103
t2132,104
t2133,103
t2134,103
t2135,103
t2136,103
t2137,104
t2138,104
t2139,105
t2140,105
t2141,105
t2142,105
t2143,103
t2144,104
t2145,104
t2146,103
t2147,104
t2148,104
t2149,103
t2150,104
t2151,105
t2152,104
t2153,106
t2154,106
t2155,104
t2156,104
t2157,104
t2158,103
t2159,103
t2160,104
t2161,103
t2162,103
t2163,104
t2164,104
t2165,104
t2166,103
t2167,103
t2168,104
t2169,104
t2170,104
t2171,104
t2172,104
t2173,104
t2174,104
t2175,104
t2176,105
t2177,106
t2178,105
t2179,105
t2180,105
t2181,104
t2182,104
t2183,103
t2184,103
t2185,103
t2186,103
t2187,104
t2188,104
t2189,104
t2190,104
t2191,104
t2192,103
t2193,102
t2194,103
t2195,104
t2196,105
t2197,110
t2198,112
t2199,110
t2200,110
t2201,109
t2202,107
t2203,108
t2204,108
t2205,105
t2206,105
t2207,105
t2208,105
t2209,105
t2210,105
t2211,106
t2212,106
t2213,107
t2214,106
t2215,104
t2216,104
t2217,104
t2218,105
t2219,105
t2220,103
t2221,103
t2222,104
t2223,104
t2224,104
t2225,104
t2226,104
t2227,104
t2228,104
t2229,104
t2230,104
t2231,104
t2232,104
t2233,104
t2234,104
t2235,104
t2236,104
t2237,103
t2238,106
t2239,103
t2240,100
t2241,103
t2242,103
t2243,104
t2244,103
t2245,103
t2246,103
t2247,102
t2248,103
t2249,103
t2250,103
t2251,104
t2252,103
t2253,103
t2254,103
t2255,103
t2256,104
t2257,104
t2258,103
t2259,103
t2260,104
t2261,104
t2262,104
t2263,103
t2264,102
t2265,103
t2266,104
t2267,104
t2268,104
t2269,104
t2270,106
t2271,106
t2272,105
t2273,106
t2274,106
t2275,105
t2276,106
t2277,106
t2278,104
t2279,104
t2280,104
t2281,104
t2282,104
t2283,104
t2284,104
t2285,104
t2286,104
t2287,104
t2288,104
t2289,105
t2290,106
t2291,104
t2292,104
t2293,105
t2294,104
t2295,104
t2296,105
t2297,105
t2298,104
t2299,104
t2300,104
t2301,104
t2302,104
t2303,104
t2304,104
t2305,104
t2306,104
t2307,104
t2308,104
t2309,105
t2310,105
t2311,104
t2312,105
t2313,105
t2314,104
t2315,105
t2316,105
t2317,104
t2318,105
t2319,105
t2320,104
t2321,104
t2322,105
t2323,105
t2324,104
t2325,104
t2326,104
t2327,104
t2328,104
t2329,104
t2330,104
t2331,104
t2332,104
t2333,104
t2334,105
t2335,106
t2336,106
t2337,105
t2338,104
t2339,105
t2340,105
t2341,104
t2342,105
t2343,106
t2344,107
t2345,106
t2346,105
t2347,105
t2348,106
t2349,106
t2350,105
t2351,104
t2352,103
t2353,104
t2354,105
t2355,105
t2356,104
t2357,104
t2358,104
t2359,105
t2360,105
t2361,105
t2362,106
t2363,105
t2364,106
t2365,108
t2366,107
t2367,108
t2368,108
t2369,105
t2370,105
t2371,105
t2372,104
t2373,104
t2374,104
t2375,105
t2376,105
t2377,103
t2378,104
t2379,105
t2380,104
t2381,104
t2382,104
t2383,103
t2384,103
t2385,104
t2386,103
t2387,103
t2388,103
t2389,103
t2390,104
t2391,104
t2392,103
t2393,103
t2394,103
t2395,103
t2396,104
t2397,103
t2398,103
t2399,103
t2400,103
t2401,104
t2402,103
t2403,103
t2404,103
t2405,103
t2406,104
t2407,103
t2408,103
t2409,104
t2410,103
t2411,104
t2412,104
t2413,103
t2414,105
t2415,104
t2416,104
t2417,104
t2418,103
t2419,104
t2420,104
t2421,103
t2422,103
t2423,104
t2424,104
t2425,104
t2426,104
t2427,104
t2428,104
t2429,103
t2430,103
t2431,103
t2432,103
t2433,103
t2434,103
t2435,105
t2436,106
t2437,106
t2438,106
t2439,105
t2440,104
t2441,104
t2442,104
t2443,104
t2444,104
t2445,104
t2446,104
t2447,104
t2448,104
t2449,104
t2450,104
t2451,104
t2452,104
t2453,103
t2454,103
t2455,104
t2456,104
t2457,104
t2458,104
t2459,104
t2460,104
t2461,104
t2462,104
t2463,104
t2464,103
t2465,103
t2466,103
t2467,103
t2468,104
t2469,104
t2470,103
t2471,103
t2472,105
t2473,105
t2474,103
t2475,103
t2476,105
t2477,106
t2478,105
t2479,103
t2480,103
t2481,104
t2482,105
t2483,105
t2484,105
t2485,105
t2486,105
t2487,106
t2488,106
t2489,105
t2490,103
t2491,103
t2492,104
t2493,104
t2494,104
t2495,104
t2496,104
t2497,104
t2498,104
t2499,105
t2500,106
t2501,105
t2502,105
t2503,105
t2504,105
t2505,105
t2506,104
t2507,104
t2508,103
t2509,104
t2510,105
t2511,104
t2512,104
t2513,103
t2514,103
t2515,104
t2516,104
t2517,104
t2518,104
t2519,104
t2520,104
t2521,104
t2522,104
t2523,104
t2524,104
t2525,104
t2526,104
t2527,104
t2528,105
t2529,105
t2530,104
t2531,104
t2532,105
t2533,106
t2534,106
t2535,106
t2536,107
t2537,107
t2538,106
t2539,106
t2540,105
t2541,105
t2542,105
t2543,104
t2544,104
t2545,104
t2546,105
t2547,105
t2548,104
t2549,104
t2550,104
t2551,103
t2552,103
t2553,103
t2554,104
t2555,104
t2556,104
t2557,107
t2558,106
t2559,105
t2560,106
t2561,106
t2562,106
t2563,105
t2564,105
t2565,105
t2566,105
t2567,105
t2568,105
t2569,106
t2570,106
t2571,106
t2572,106
t2573,105
t2574,104
t2575,105
t2576,105
t2577,104
t2578,105
t2579,107
t2580,107
t2581,106
t2582,109
t2583,110
t2584,109
t2585,108
t2586,106
t2587,106
t2588,106
t2589,105
t2590,105
t2591,106
t2592,106
t2593,105
t2594,104
t2595,106
t2596,107
t2597,105
t2598,104
t2599,105
t2600,105
t2601,105
t2602,106
t2603,106
t2604,106
t2605,106
t2606,106
t2607,106
t2608,107
t2609,107
t2610,106
t2611,105
t2612,105
t2613,106
t2614,105
t2615,104
t2616,105
t2617,105
t2618,104
t2619,105
t2620,105
t2621,104
t2622,105
t2623,105
t2624,103
t2625,104
t2626,105
t2627,105
t2628,105
t2629,105
t2630,106
t2631,106
t2632,106
t2633,107
t2634,106
t2635,105
t2636,106
t2637,106
t2638,107
t2639,107
t2640,106
t2641,106
t2642,106
t2643,107
t2644,107
t2645,106
t2646,107
t2647,107
t2648,106
t2649,106
t2650,106
t2651,107
t2652,109
t2653,109
t2654,109
t2655,111
t2656,112
t2657,111
t2658,110
t2659,109
t2660,109
t2661,109
t2662,108
t2663,108
t2664,107
t2665,106
t2666,106
t2667,107
t2668,107
t2669,106
t2670,106
t2671,106
t2672,106
t2673,106
t2674,107
t2675,107
t2676,106
t2677,106
t2678,106
t2679,107
t2680,109
t2681,109
t2682,107
t2683,107
t2684,108
t2685,107
t2686,106
t2687,106
t2688,106
t2689,106
t2690,106
t2691,107
t2692,107
t2693,106
t2694,106
t2695,106
t2696,106
t2697,106
t2698,106
t2699,106
t2700,107
t2701,107
t2702,106
t2703,106
t2704,106
t2705,106
t2706,106
t2707,106
t2708,106
t2709,106
t2710,106
t2711,106
t2712,106
t2713,107
t2714,107
t2715,107
t2716,108
t2717,107
t2718,106
t2719,106
t2720,106
t2721,106
t2722,106
t2723,106
t2724,106
t2725,107
t2726,107
t2727,107
t2728,108
t2729,108
t2730,107
t2731,107
t2732,107
t2733,107
t2734,108
t2735,108
t2736,107
t2737,106
t2738,107
t2739,108
t2740,108
t2741,108
t2742,108
t2743,108
t2744,108
t2745,108
t2746,108
t2747,108
t2748,108
t2749,108
t2750,108
t2751,108
t2752,108
t2753,107
t2754,107
t2755,107
t2756,107
t2757,107
t2758,106
t2759,106
t2760,107
t2761,107
t2762,107
t2763,108
t2764,108
t2765,107
t2766,106
t2767,107
t2768,107
t2769,107
t2770,107
t2771,106
t2772,107
t2773,109
t2774,106
t2775,105
t2776,108
t2777,107
t2778,107
t2779,107
t2780,106
t2781,106
t2782,106
t2783,107
t2784,107
t2785,106
t2786,107
t2787,108
t2788,107
t2789,106
t2790,107
t2791,107
t2792,106
t2793,106
t2794,107
t2795,108
t2796,107
t2797,107
t2798,108
t2799,107
t2800,106
t2801,107
t2802,107
t2803,106
t2804,106
t2805,106
t2806,106
t2807,107
t2808,107
t2809,106
t2810,106
t2811,107
t2812,107
t2813,106
t2814,107
t2815,107
t2816,106
t2817,107
t2818,107
t2819,107
t2820,107
t2821,106
t2822,108
t2823,108
t2824,107
t2825,107
t2826,106
t2827,106
t2828,106
t2829,107
t2830,108
t2831,106
t2832,105
t2833,106
t2834,106
t2835,106
t2836,106
t2837,106
t2838,105
t2839,105
t2840,106
t2841,107
t2842,107
t2843,107
t2844,108
t2845,109
t2846,108
t2847,106
t2848,108
t2849,109
t2850,107
t2851,107
t2852,107
t2853,106
t2854,106
t2855,106
t2856,107
t2857,107
t2858,106
t2859,106
t2860,106
t2861,106
t2862,106
t2863,106
t2864,105
t2865,105
t2866,106
t2867,105
t2868,106
t2869,106
t2870,106
t2871,107
t2872,106
t2873,106
t2874,106
t2875,106
t2876,106
t2877,106
t2878,106
t2879,106
t2880,106
t2881,106
t2882,106
t2883,106
t2884,106
t2885,107
t2886,106
t2887,105
t2888,106
t2889,106
t2890,105
t2891,105
t2892,106
t2893,105
t2894,105
t2895,106
t2896,106
t2897,106
t2898,106
t2899,106
t2900,106
t2901,106
t2902,106
t2903,106
t2904,106
t2905,106
t2906,107
t2907,107
t2908,106
t2909,106
t2910,106
t2911,107
t2912,107
t2913,106
t2914,106
t2915,107
t2916,112
t2917,111
t2918,107
t2919,108
t2920,107
t2921,106
t2922,106
t2923,107
t2924,107
t2925,106
t2926,107
t2927,107
t2928,106
t2929,106
t2930,107
t2931,107
t2932,106
t2933,106
t2934,106
t2935,106
t2936,106
t2937,106
t2938,106
t2939,106
t2940,106
t2941,106
t2942,106
t2943,107
t2944,108
t2945,107
t2946,106
t2947,106
t2948,106
t2949,106
t2950,106
t2951,106
t2952,106
t2953,106
t2954,107
t2955,107
t2956,106
t2957,106
t2958,106
t2959,106
t2960,105
t2961,105
t2962,106
t2963,107
t2964,108
t2965,109
t2966,109
t2967,107
t2968,107
t2969,108
t2970,107
t2971,106
t2972,106
t2973,106
t2974,107
t2975,107
t2976,106
t2977,106
t2978,106
t2979,107
t2980,107
t2981,107
t2982,107
t2983,106
t2984,107
t2985,107
t2986,106
t2987,106
t2988,106
t2989,106
t2990,108
t2991,112
t2992,108
t2993,105
t2994,109
t2995,108
t2996,107
t2997,109
t2998,109
t2999,107
t3000,106
t3001,106
t3002,106
t3003,107
t3004,107
t3005,107
t3006,106
t3007,105
t3008,106
t3009,106
t3010,107
t3011,108
t3012,109
t3013,109
t3014,111
t3015,113
t3016,113
t3017,112
t3018,108
t3019,109
t3020,109
t3021,108
t3022,109
t3023,108
t3024,107
t3025,107
t3026,107
t3027,107
t3028,107
t3029,107
t3030,107
t3031,106
t3032,106
t3033,108
t3034,109
t3035,107
t3036,107
t3037,112
t3038,117
t3039,115
t3040,111
t3041,111
t3042,112
t3043,111
t3044,111
t3045,110
t3046,108
t3047,108
t3048,108
t3049,109
t3050,109
t3051,108
t3052,108
t3053,107
t3054,106
t3055,106
t3056,106
t3057,106
t3058,107
t3059,108
t3060,112
t3061,114
t3062,112
t3063,111
t3064,111
t3065,112
t3066,114
t3067,112
t3068,110
t3069,110
t3070,110
t3071,109
t3072,107
t3073,107
t3074,108
t3075,109
t3076,108
t3077,107
t3078,107
t3079,108
t3080,110
t3081,110
t3082,107
t3083,107
t3084,112
t3085,113
t3086,113
t3087,117
t3088,116
t3089,115
t3090,116
t3091,115
t3092,112
t3093,109
t3094,109
t3095,109
t3096,108
t3097,107
t3098,106
t3099,107
t3100,107
t3101,106
t3102,106
t3103,106
t3104,106
t3105,106
t3106,107
t3107,109
t3108,109
t3109,110
t3110,111
t3111,112
t3112,115
t3113,113
t3114,113
t3115,113
t3116,109
t3117,109
t3118,109
t3119,108
t3120,108
t3121,108
t3122,108
t3123,109
t3124,109
t3125,108
t3126,108
t3127,108
t3128,107
t3129,107
t3130,109
t3131,109
t3132,107
t3133,107
t3134,108
t3135,108
t3136,108
t3137,109
t3138,108
t3139,107
t3140,109
t3141,108
t3142,107
t3143,107
t3144,107
t3145,108
t3146,109
t3147,110
t3148,109
t3149,108
t3150,109
t3151,109
t3152,108
t3153,108
t3154,108
t3155,108
t3156,108
t3157,108
t3158,108
t3159,108
t3160,108
t3161,109
t3162,109
t3163,108
t3164,108
t3165,108
t3166,108
t3167,108
t3168,108
t3169,108
t3170,107
t3171,107
t3172,107
t3173,107
t3174,107
t3175,106
t3176,107
t3177,109
t3178,109
t3179,109
t3180,109
t3181,110
t3182,114
t3183,114
t3184,112
t3185,113
t3186,113
t3187,110
t3188,109
t3189,109
t3190,109
t3191,110
t3192,104
t3193,98
t3194,99
t3195,100
t3196,100
t3197,99
t3198,98
t3199,99
t3200,99
t3201,98
t3202,99
t3203,99
t3204,98
t3205,99
t3206,99
t3207,99
t3208,100
t3209,98
t3210,98
t3211,99
t3212,98
t3213,98
t3214,98
t3215,99
t3216,99
t3217,98
t3218,98
t3219,99
t3220,100
t3221,99
t3222,98
t3223,99
t3224,99
t3225,98
t3226,99
t3227,99
t3228,98
t3229,99
t3230,99
t3231,99
t3232,99
t3233,98
t3234,99
t3235,100
t3236,100
t3237,99
t3238,99
t3239,100
t3240,100
t3241,99
t3242,99
t3243,101
t3244,100
t3245,99
t3246,100
t3247,99
t3248,98
t3249,98
t3250,97
t3251,97
t3252,99
t3253,100
t3254,100
t3255,101
t3256,101
t3257,102
t3258,104
t3259,102
t3260,100
t3261,100
t3262,100
t3263,100
t3264,100
t3265,100
t3266,99
t3267,99
t3268,99
t3269,99
t3270,99
t3271,98
t3272,99
t3273,100
t3274,100
t3275,103
t3276,105
t3277,102
t3278,100
t3279,100
t3280,99
t3281,99
t3282,99
t3283,99
t3284,100
t3285,100
t3286,100
t3287,99
t3288,99
t3289,99
t3290,99
t3291,101
t3292,100
t3293,99
t3294,100
t3295,100
t3296,100
t3297,99
t3298,99
t3299,100
t3300,100
t3301,100
t3302,99
t3303,99
t3304,100
t3305,100
t3306,100
t3307,100
t3308,100
t3309,99
t3310,99
t3311,100
t3312,99
t3313,99
t3314,100
t3315,101
t3316,101
t3317,99
t3318,99
t3319,100
t3320,100
t3321,99
t3322,99
t3323,100
t3324,100
t3325,99
t3326,99
t3327,100
t3328,99
t3329,98
t3330,99
t3331,99
t3332,99
t3333,99
t3334,99
t3335,99
t3336,98
t3337,99
t3338,100
t3339,100
t3340,100
t3341,100
t3342,99
t3343,99
t3344,99
t3345,98
t3346,98
t3347,98
t3348,99
t3349,99
t3350,98
t3351,97
t3352,97
t3353,98
t3354,98
t3355,97
t3356,97
t3357,98
t3358,98
t3359,98
t3360,97
t3361,97
t3362,98
t3363,97
t3364,97
t3365,98
t3366,97
t3367,97
t3368,98
t3369,98
t3370,99
t3371,98
t3372,97
t3373,97
t3374,97
t3375,97
t3376,98
t3377,98
t3378,97
t3379,97
t3380,97
t3381,99
t3382,98
t3383,97
t3384,97
t3385,97
t3386,97
t3387,97
t3388,98
t3389,97
t3390,97
t3391,98
t3392,97
t3393,97
t3394,97
t3395,97
t3396,97
t3397,97
t3398,98
t3399,99
t3400,99
t3401,98
t3402,98
t3403,98
t3404,100
t3405,100
t3406,97
t3407,97
t3408,97
t3409,97
t3410,99
t3411,100
t3412,98
t3413,97
t3414,97
t3415,97
t3416,100
t3417,100
t3418,101
t3419,103
t3420,102
t3421,103
t3422,103
t3423,101
t3424,101
t3425,103
t3426,103
t3427,100
t3428,98
t3429,100
t3430,100
t3431,98
t3432,98
t3433,98
t3434,98
t3435,99
t3436,99
t3437,97
t3438,96
t3439,97
t3440,98
t3441,97
t3442,97
t3443,98
t3444,98
t3445,98
t3446,98
t3447,98
t3448,98
t3449,98
t3450,98
t3451,97
t3452,98
t3453,99
t3454,97
t3455,97
t3456,98
t3457,98
t3458,98
t3459,98
t3460,98
t3461,99
t3462,99
t3463,98
t3464,98
t3465,98
t3466,98
t3467,98
t3468,98
t3469,100
t3470,101
t3471,102
t3472,104
t3473,102
t3474,103
t3475,101
t3476,97
t3477,98
t3478,98
t3479,98
t3480,98
t3481,98
t3482,97
t3483,97
t3484,98
t3485,98
t3486,99
t3487,98
t3488,97
t3489,98
t3490,98
t3491,99
t3492,99
t3493,102
t3494,105
t3495,105
t3496,106
t3497,106
t3498,104
t3499,102
t3500,102
t3501,102
t3502,100
t3503,99
t3504,100
t3505,99
t3506,98
t3507,98
t3508,98
t3509,98
t3510,97
t3511,97
t3512,98
t3513,98
t3514,99
t3515,100
t3516,101
t3517,102
t3518,103
t3519,104
t3520,104
t3521,104
t3522,103
t3523,102
t3524,99
t3525,99
t3526,99
t3527,97
t3528,99
t3529,99
t3530,98
t3531,98
t3532,98
t3533,98
t3534,97
t3535,97
t3536,97
t3537,97
t3538,98
t3539,97
t3540,97
t3541,99
t3542,99
t3543,100
t3544,101
t3545,99
t3546,99
t3547,99
t3548,98
t3549,98
t3550,97
t3551,97
t3552,98
t3553,98
t3554,98
t3555,99
t3556,100
t3557,99
t3558,98
t3559,97
t3560,98
t3561,99
t3562,98
t3563,99
t3564,101
t3565,103
t3566,102
t3567,103
t3568,105
t3569,105
t3570,106
t3571,106
t3572,106
t3573,106
t3574,104
t3575,102
t3576,102
t3577,102
t3578,101
t3579,102
t3580,103
t3581,101
t3582,99
t3583,101
t3584,101
t3585,101
t3586,105
t3587,106
t3588,105
t3589,103
t3590,103
t3591,102
t3592,101
t3593,100
t3594,99
t3595,98
t3596,96
t3597,96
t3598,97
t3599,97
t3600,97
t3601,97
t3602,96
t3603,96
t3604,96
t3605,96
t3606,96
t3607,97
t3608,97
t3609,97
t3610,97
t3611,98
t3612,100
t3613,102
t3614,102
t3615,102
t3616,105
t3617,106
t3618,106
t3619,106
t3620,103
t3621,100
t3622,99
t3623,98
t3624,98
t3625,98
t3626,100
t3627,101
t3628,99
t3629,98
t3630,99
t3631,98
t3632,98
t3633,101
t3634,104
t3635,106
t3636,106
t3637,106
t3638,106
t3639,106
t3640,107
t3641,107
t3642,105
t3643,106
t3644,106
t3645,104
t3646,104
t3647,104
t3648,103
t3649,101
t3650,101
t3651,102
t3652,100
t3653,99
t3654,101
t3655,102
t3656,104
t3657,106
t3658,106
t3659,106
t3660,106
t3661,106
t3662,107
t3663,107
t3664,107
t3665,108
t3666,107
t3667,107
t3668,107
t3669,106
t3670,106
t3671,104
t3672,100
t3673,98
t3674,99
t3675,101
t3676,100
t3677,98
t3678,98
t3679,99
t3680,101
t3681,104
t3682,103
t3683,103
t3684,106
t3685,106
t3686,106
t3687,106
t3688,106
t3689,106
t3690,106
t3691,106
t3692,104
t3693,103
t3694,103
t3695,101
t3696,99
t3697,98
t3698,100
t3699,101
t3700,100
t3701,99
t3702,98
t3703,100
t3704,100
t3705,99
t3706,100
t3707,99
t3708,100
t3709,104
t3710,106
t3711,106
t3712,106
t3713,106
t3714,106
t3715,106
t3716,106
t3717,106
t3718,105
t3719,105
t3720,106
t3721,104
t3722,102
t3723,103
t3724,103
t3725,100
t3726,100
t3727,102
t3728,101
t3729,102
t3730,106
t3731,108
t3732,107
t3733,107
t3734,108
t3735,107
t3736,107
t3737,108
t3738,107
t3739,107
t3740,107
t3741,106
t3742,106
t3743,104
t3744,104
t3745,103
t3746,102
t3747,101
t3748,100
t3749,102
t3750,100
t3751,102
t3752,107
t3753,107
t3754,107
t3755,108
t3756,107
t3757,107
t3758,107
t3759,106
t3760,106
t3761,106
t3762,106
t3763,106
t3764,106
t3765,106
t3766,106
t3767,103
t3768,100
t3769,98
t3770,97
t3771,100
t3772,99
t3773,97
t3774,99
t3775,100
t3776,102
t3777,104
t3778,105
t3779,105
t3780,105
t3781,106
t3782,106
t3783,106
t3784,106
t3785,107
t3786,107
t3787,106
t3788,106
t3789,107
t3790,107
t3791,103
t3792,99
t3793,98
t3794,98
t3795,101
t3796,101
t3797,98
t3798,98
t3799,99
t3800,101
t3801,103
t3802,104
t3803,105
t3804,105
t3805,105
t3806,106
t3807,106
t3808,106
t3809,106
t3810,106
t3811,106
t3812,106
t3813,105
t3814,105
t3815,104
t3816,102
t3817,104
t3818,104
t3819,103
t3820,101
t3821,98
t3822,99
t3823,100
t3824,100
t3825,100
t3826,100
t3827,103
t3828,106
t3829,105
t3830,105
t3831,105
t3832,105
t3833,106
t3834,105
t3835,105
t3836,105
t3837,103
t3838,102
t3839,102
t3840,100
t3841,101
t3842,103
t3843,100
t3844,100
t3845,101
t3846,99
t3847,97
t3848,101
t3849,103
t3850,100
t3851,101
t3852,104
t3853,106
t3854,106
t3855,106
t3856,106
t3857,106
t3858,106
t3859,105
t3860,105
t3861,106
t3862,104
t3863,101
t3864,101
t3865,99
t3866,101
t3867,103
t3868,100
t3869,99
t3870,98
t3871,99
t3872,99
t3873,100
t3874,101
t3875,101
t3876,104
t3877,106
t3878,104
t3879,104
t3880,104
t3881,103
t3882,105
t3883,106
t3884,106
t3885,106
t3886,106
t3887,102
t3888,100
t3889,101
t3890,101
t3891,100
t3892,100
t3893,100
t3894,98
t3895,96
t3896,97
t3897,100
t3898,100
t3899,102
t3900,105
t3901,107
t3902,108
t3903,108
t3904,108
t3905,108
t3906,108
t3907,108
t3908,105
t3909,101
t3910,99
t3911,98
t3912,98
t3913,98
t3914,98
t3915,99
t3916,99
t3917,99
t3918,99
t3919,98
t3920,99
t3921,99
t3922,100
t3923,102
t3924,100
t3925,98
t3926,99
t3927,99
t3928,98
t3929,99
t3930,99
t3931,99
t3932,99
t3933,98
t3934,100
t3935,100
t3936,99
t3937,102
t3938,103
t3939,103
t3940,102
t3941,102
t3942,103
t3943,100
t3944,99
t3945,101
t3946,102
t3947,102
t3948,102
t3949,101
t3950,101
t3951,103
t3952,104
t3953,104
t3954,103
t3955,103
t3956,103
t3957,102
t3958,101
t3959,100
t3960,99
t3961,99
t3962,100
t3963,100
t3964,100
t3965,100
t3966,100
t3967,99
t3968,98
t3969,102
t3970,106
t3971,106
t3972,107
t3973,108
t3974,108
t3975,108
t3976,109
t3977,109
t3978,107
t3979,106
t3980,106
t3981,106
t3982,106
t3983,106
t3984,103
t3985,101
t3986,101
t3987,102
t3988,102
t3989,100
t3990,101
t3991,103
t3992,105
t3993,106
t3994,107
t3995,108
t3996,108
t3997,108
t3998,108
t3999,107
t4000,107
t4001,108
t4002,108
t4003,108
t4004,107
t4005,106
t4006,106
t4007,105
t4008,103
t4009,104
t4010,104
t4011,103
t4012,103
t4013,102
t4014,103
t4015,103
t4016,104
t4017,106
t4018,106
t4019,106
t4020,106
t4021,106
t4022,106
t4023,106
t4024,105
t4025,106
t4026,107
t4027,106
t4028,106
t4029,105
t4030,104
t4031,104
t4032,104
t4033,103
t4034,101
t4035,102
t4036,101
t4037,101
t4038,103
t4039,101
t4040,99
t4041,99
t4042,99
t4043,100
t4044,104
t4045,108
t4046,108
t4047,107
t4048,107
t4049,106
t4050,106
t4051,104
t4052,103
t4053,103
t4054,102
t4055,101
t4056,102
t4057,101
t4058,100
t4059,101
t4060,101
t4061,100
t4062,98
t4063,98
t4064,101
t4065,101
t4066,100
t4067,102
t4068,105
t4069,106
t4070,106
t4071,107
t4072,106
t4073,106
t4074,106
t4075,104
t4076,104
t4077,105
t4078,104
t4079,104
t4080,102
t4081,101
t4082,101
t4083,100
t4084,100
t4085,99
t4086,98
t4087,99
t4088,99
t4089,99
t4090,100
t4091,102
t4092,105
t4093,106
t4094,106
t4095,106
t4096,105
t4097,105
t4098,106
t4099,105
t4100,105
t4101,106
t4102,103
t4103,101
t4104,100
t4105,101
t4106,102
t4107,100
t4108,100
t4109,100
t4110,101
t4111,102
t4112,102
t4113,102
t4114,102
t4115,104
t4116,106
t4117,106
t4118,107
t4119,107
t4120,107
t4121,107
t4122,107
t4123,107
t4124,106
t4125,106
t4126,102
t4127,101
t4128,102
t4129,99
t4130,100
t4131,101
t4132,100
t4133,101
t4134,101
t4135,99
t4136,101
t4137,105
t4138,105
t4139,106
t4140,108
t4141,108
t4142,108
t4143,108
t4144,108
t4145,108
t4146,108
t4147,108
t4148,107
t4149,106
t4150,106
t4151,106
t4152,105
t4153,104
t4154,103
t4155,103
t4156,102
t4157,101
t4158,101
t4159,103
t4160,104
t4161,105
t4162,107
t4163,107
t4164,107
t4165,107
t4166,108
t4167,108
t4168,107
t4169,107
t4170,107
t4171,106
t4172,105
t4173,105
t4174,105
t4175,104
t4176,105
t4177,103
t4178,101
t4179,102
t4180,102
t4181,101
t4182,100
t4183,99
t4184,103
t4185,106
t4186,105
t4187,106
t4188,106
t4189,107
t4190,107
t4191,107
t4192,108
t4193,108
t4194,107
t4195,107
t4196,107
t4197,106
t4198,106
t4199,105
t4200,103
t4201,102
t4202,103
t4203,105
t4204,106
t4205,104
t4206,101
t4207,99
t4208,100
t4209,100
t4210,98
t4211,98
t4212,98
t4213,98
t4214,98
t4215,96
t4216,96
t4217,98
t4218,97
t4219,101
t4220,106
t4221,106
t4222,106
t4223,105
t4224,106
t4225,104
t4226,99
t4227,98
t4228,98
t4229,99
t4230,99
t4231,97
t4232,97
t4233,101
t4234,104
t4235,106
t4236,110
t4237,110
t4238,113
t4239,117
t4240,117
t4241,120
t4242,119
t4243,115
t4244,114
t4245,114
t4246,109
t4247,103
t4248,100
t4249,98
t4250,101
t4251,103
t4252,101
t4253,101
t4254,101
t4255,99
t4256,99
t4257,100
t4258,101
t4259,103
t4260,105
t4261,107
t4262,108
t4263,109
t4264,110
t4265,110
t4266,110
t4267,110
t4268,109
t4269,108
t4270,108
t4271,108
t4272,107
t4273,106
t4274,104
t4275,103
t4276,103
t4277,101
t4278,101
t4279,102
t4280,102
t4281,104
t4282,107
t4283,109
t4284,110
t4285,112
t4286,114
t4287,112
t4288,110
t4289,111
t4290,111
t4291,110
t4292,110
t4293,109
t4294,109
t4295,108
t4296,103
t4297,101
t4298,101
t4299,101
t4300,101
t4301,100
t4302,101
t4303,102
t4304,102
t4305,105
t4306,108
t4307,108
t4308,109
t4309,111
t4310,112
t4311,111
t4312,110
t4313,110
t4314,109
t4315,110
t4316,111
t4317,109
t4318,108
t4319,106
t4320,104
t4321,104
t4322,102
t4323,103
t4324,103
t4325,101
t4326,102
t4327,102
t4328,104
t4329,106
t4330,107
t4331,110
t4332,110
t4333,110
t4334,111
t4335,111
t4336,110
t4337,109
t4338,110
t4339,109
t4340,108
t4341,107
t4342,106
t4343,106
t4344,106
t4345,104
t4346,102
t4347,101
t4348,100
t4349,99
t4350,99
t4351,100
t4352,101
t4353,104
t4354,106
t4355,107
t4356,108
t4357,109
t4358,109
t4359,109
t4360,110
t4361,110
t4362,110
t4363,111
t4364,110
t4365,108
t4366,108
t4367,109
t4368,110
t4369,108
t4370,106
t4371,106
t4372,106
t4373,104
t4374,104
t4375,104
t4376,104
t4377,106
t4378,109
t4379,111
t4380,112
t4381,114
t4382,114
t4383,113
t4384,113
t4385,115
t4386,115
t4387,114
t4388,114
t4389,113
t4390,111
t4391,110
t4392,107
t4393,105
t4394,106
t4395,106
t4396,106
t4397,106
t4398,104
t4399,102
t4400,101
t4401,103
t4402,107
t4403,110
t4404,112
t4405,110
t4406,110
t4407,111
t4408,111
t4409,111
t4410,110
t4411,109
t4412,108
t4413,108
t4414,107
t4415,106
t4416,104
t4417,102
t4418,100
t4419,101
t4420,103
t4421,102
t4422,103
t4423,104
t4424,105
t4425,107
t4426,109
t4427,111
t4428,113
t4429,113
t4430,111
t4431,110
t4432,110
t4433,110
t4434,110
t4435,110
t4436,111
t4437,111
t4438,110
t4439,109
t4440,108
t4441,107
t4442,105
t4443,105
t4444,103
t4445,102
t4446,103
t4447,103
t4448,105
t4449,107
t4450,109
t4451,110
t4452,111
t4453,113
t4454,114
t4455,112
t4456,111
t4457,112
t4458,112
t4459,112
t4460,112
t4461,110
t4462,110
t4463,111
t4464,108
t4465,106
t4466,107
t4467,107
t4468,104
t4469,104
t4470,106
t4471,106
t4472,107
t4473,108
t4474,108
t4475,110
t4476,112
t4477,112
t4478,112
t4479,113
t4480,115
t4481,115
t4482,114
t4483,114
t4484,114
t4485,113
t4486,112
t4487,112
t4488,109
t4489,108
t4490,109
t4491,109
t4492,108
t4493,106
t4494,108
t4495,110
t4496,109
t4497,108
t4498,111
t4499,113
t4500,113
t4501,114
t4502,115
t4503,115
t4504,114
t4505,114
t4506,114
t4507,114
t4508,113
t4509,113
t4510,113
t4511,111
t4512,110
t4513,108
t4514,106
t4515,108
t4516,107
t4517,105
t4518,106
t4519,107
t4520,108
t4521,109
t4522,110
t4523,111
t4524,111
t4525,112
t4526,113
t4527,114
t4528,116
t4529,116
t4530,116
t4531,115
t4532,113
t4533,113
t4534,114
t4535,112
t4536,108
t4537,106
t4538,106
t4539,106
t4540,106
t4541,106
t4542,104
t4543,101
t4544,103
t4545,108
t4546,110
t4547,110
t4548,111
t4549,113
t4550,113
t4551,113
t4552,113
t4553,113
t4554,112
t4555,110
t4556,110
t4557,108
t4558,106
t4559,106
t4560,104
t4561,104
t4562,106
t4563,104
t4564,104
t4565,106
t4566,104
t4567,104
t4568,105
t4569,105
t4570,108
t4571,108
t4572,109
t4573,112
t4574,112
t4575,111
t4576,111
t4577,112
t4578,112
t4579,113
t4580,112
t4581,110
t4582,108
t4583,106
t4584,106
t4585,106
t4586,104
t4587,104
t4588,106
t4589,106
t4590,106
t4591,106
t4592,107
t4593,108
t4594,109
t4595,110
t4596,111
t4597,113
t4598,113
t4599,113
t4600,114
t4601,114
t4602,113
t4603,111
t4604,109
t4605,108
t4606,109
t4607,108
t4608,106
t4609,106
t4610,106
t4611,105
t4612,105
t4613,105
t4614,105
t4615,106
t4616,107
t4617,109
t4618,110
t4619,111
t4620,112
t4621,113
t4622,114
t4623,114
t4624,115
t4625,115
t4626,114
t4627,115
t4628,116
t4629,115
t4630,114
t4631,112
t4632,109
t4633,107
t4634,108
t4635,108
t4636,107
t4637,107
t4638,108
t4639,110
t4640,110
t4641,116
t4642,110
t4643,108
t4644,117
t4645,116
t4646,116
t4647,116
t4648,116
t4649,116
t4650,117
t4651,116
t4652,116
t4653,117
t4654,115
t4655,114
t4656,113
t4657,112
t4658,110
t4659,109
t4660,108
t4661,107
t4662,110
t4663,110
t4664,109
t4665,112
t4666,114
t4667,115
t4668,116
t4669,114
t4670,113
t4671,112
t4672,110
t4673,110
t4674,110
t4675,109
t4676,108
t4677,109
t4678,109
t4679,107
t4680,106
t4681,107
t4682,107
t4683,106
t4684,104
t4685,102
t4686,102
t4687,102
t4688,103
t4689,104
t4690,105
t4691,106
t4692,107
t4693,109
t4694,110
t4695,110
t4696,110
t4697,108
t4698,106
t4699,106
t4700,107
t4701,108
t4702,109
t4703,108
t4704,106
t4705,106
t4706,105
t4707,105
t4708,106
t4709,105
t4710,103
t4711,103
t4712,102
t4713,98
t4714,97
t4715,98
t4716,99
t4717,104
t4718,108
t4719,108
t4720,109
t4721,110
t4722,109
t4723,109
t4724,109
t4725,108
t4726,108
t4727,107
t4728,107
t4729,107
t4730,106
t4731,107
t4732,107
t4733,105
t4734,105
t4735,106
t4736,105
t4737,105
t4738,107
t4739,108
t4740,108
t4741,109
t4742,110
t4743,110
t4744,110
t4745,109
t4746,108
t4747,109
t4748,110
t4749,109
t4750,109
t4751,109
t4752,109
t4753,109
t4754,108
t4755,108
t4756,107
t4757,106
t4758,106
t4759,106
t4760,106
t4761,106
t4762,107
t4763,109
t4764,109
t4765,109
t4766,110
t4767,111
t4768,111
t4769,109
t4770,109
t4771,109
t4772,109
t4773,110
t4774,109
t4775,108
t4776,107
t4777,107
t4778,107
t4779,106
t4780,106
t4781,106
t4782,106
t4783,106
t4784,106
t4785,107
t4786,108
t4787,108
t4788,109
t4789,109
t4790,108
t4791,108
t4792,108
t4793,109
t4794,109
t4795,108
t4796,106
t4797,106
t4798,107
t4799,107
t4800,107
t4801,106
t4802,107
t4803,107
t4804,106
t4805,105
t4806,104
t4807,104
t4808,104
t4809,105
t4810,106
t4811,106
t4812,107
t4813,108
t4814,108
t4815,108
t4816,108
t4817,107
t4818,107
t4819,108
t4820,108
t4821,108
t4822,107
t4823,107
t4824,107
t4825,106
t4826,106
t4827,106
t4828,106
t4829,105
t4830,104
t4831,104
t4832,104
t4833,105
t4834,106
t4835,107
t4836,107
t4837,107
t4838,107
t4839,105
t4840,106
t4841,107
t4842,106
t4843,106
t4844,106
t4845,106
t4846,105
t4847,105
t4848,105
t4849,105
t4850,105
t4851,105
t4852,104
t4853,102
t4854,103
t4855,105
t4856,105
t4857,104
t4858,105
t4859,107
t4860,108
t4861,107
t4862,106
t4863,107
t4864,107
t4865,107
t4866,107
t4867,107
t4868,107
t4869,107
t4870,108
t4871,107
t4872,106
t4873,106
t4874,106
t4875,105
t4876,104
t4877,103
t4878,102
t4879,102
t4880,102
t4881,103
t4882,104
t4883,105
t4884,106
t4885,106
t4886,106
t4887,106
t4888,106
t4889,106
t4890,106
t4891,107
t4892,107
t4893,107
t4894,107
t4895,106
t4896,106
t4897,105
t4898,105
t4899,106
t4900,105
t4901,104
t4902,103
t4903,103
t4904,104
t4905,105
t4906,106
t4907,107
t4908,108
t4909,108
t4910,109
t4911,110
t4912,108
t4913,107
t4914,108
t4915,108
t4916,107
t4917,107
t4918,107
t4919,107
t4920,107
t4921,106
t4922,106
t4923,106
t4924,106
t4925,105
t4926,104
t4927,104
t4928,105
t4929,106
t4930,107
t4931,109
t4932,110
t4933,109
t4934,109
t4935,108
t4936,108
t4937,107
t4938,106
t4939,108
t4940,107
t4941,107
t4942,107
t4943,106
t4944,105
t4945,106
t4946,107
t4947,106
t4948,106
t4949,105
t4950,105
t4951,105
t4952,105
t4953,107
t4954,108
t4955,108
t4956,108
t4957,108
t4958,108
t4959,108
t4960,109
t4961,109
t4962,108
t4963,108
t4964,107
t4965,107
t4966,107
t4967,106
t4968,106
t4969,106
t4970,106
t4971,106
t4972,105
t4973,104
t4974,104
t4975,104
t4976,105
t4977,107
t4978,108
t4979,108
t4980,108
t4981,108
t4982,108
t4983,108
t4984,109
t4985,109
t4986,108
t4987,108
t4988,108
t4989,108
t4990,107
t4991,106
t4992,106
t4993,106
t4994,106
t4995,106
t4996,105
t4997,104
t4998,104
t4999,104
t5000,104
t5001,105
t5002,107
t5003,108
t5004,108
t5005,109
t5006,109
t5007,108
t5008,108
t5009,108
t5010,107
t5011,107
t5012,107
t5013,106
t5014,105
t5015,105
t5016,105
t5017,105
t5018,105
t5019,105
t5020,106
t5021,105
t5022,104
t5023,104
t5024,104
t5025,104
t5026,105
t5027,106
t5028,107
t5029,108
t5030,108
t5031,108
t5032,108
t5033,106
t5034,107
t5035,108
t5036,106
t5037,106
t5038,107
t5039,107
t5040,106
t5041,106
t5042,106
t5043,105
t5044,104
t5045,104
t5046,104
t5047,103
t5048,103
t5049,104
t5050,105
t5051,106
t5052,107
t5053,108
t5054,107
t5055,106
t5056,107
t5057,107
t5058,106
t5059,106
t5060,106
t5061,107
t5062,108
t5063,107
t5064,106
t5065,106
t5066,106
t5067,106
t5068,106
t5069,106
t5070,105
t5071,104
t5072,105
t5073,105
t5074,105
t5075,107
t5076,109
t5077,110
t5078,110
t5079,108
t5080,106
t5081,107
t5082,108
t5083,108
t5084,107
t5085,108
t5086,108
t5087,107
t5088,107
t5089,106
t5090,107
t5091,107
t5092,106
t5093,106
t5094,105
t5095,104
t5096,105
t5097,106
t5098,108
t5099,109
t5100,108
t5101,108
t5102,108
t5103,108
t5104,108
t5105,109
t5106,109
t5107,109
t5108,109
t5109,108
t5110,108
t5111,107
t5112,107
t5113,107
t5114,106
t5115,106
t5116,106
t5117,105
t5118,104
t5119,105
t5120,106
t5121,106
t5122,107
t5123,108
t5124,109
t5125,109
t5126,109
t5127,110
t5128,110
t5129,110
t5130,109
t5131,108
t5132,108
t5133,108
t5134,108
t5135,107
t5136,106
t5137,106
t5138,106
t5139,106
t5140,106
t5141,105
t5142,104
t5143,103
t5144,103
t5145,104
t5146,105
t5147,107
t5148,107
t5149,107
t5150,108
t5151,108
t5152,108
t5153,109
t5154,109
t5155,107
t5156,106
t5157,105
t5158,105
t5159,106
t5160,106
t5161,106
t5162,105
t5163,104
t5164,105
t5165,105
t5166,104
t5167,103
t5168,103
t5169,104
t5170,105
t5171,106
t5172,106
t5173,107
t5174,107
t5175,106
t5176,107
t5177,106
t5178,104
t5179,105
t5180,105
t5181,104
t5182,105
t5183,105
t5184,104
t5185,104
t5186,104
t5187,105
t5188,104
t5189,102
t5190,102
t5191,102
t5192,102
t5193,104
t5194,106
t5195,106
t5196,105
t5197,106
t5198,107
t5199,105
t5200,105
t5201,106
t5202,105
t5203,105
t5204,105
t5205,104
t5206,104
t5207,104
t5208,104
t5209,103
t5210,101
t5211,101
t5212,102
t5213,102
t5214,101
t5215,100
t5216,101
t5217,102
t5218,103
t5219,105
t5220,106
t5221,106
t5222,106
t5223,106
t5224,106
t5225,104
t5226,104
t5227,105
t5228,104
t5229,104
t5230,103
t5231,103
t5232,102
t5233,101
t5234,102
t5235,101
t5236,101
t5237,100
t5238,98
t5239,98
t5240,98
t5241,99
t5242,102
t5243,104
t5244,105
t5245,105
t5246,103
t5247,104
t5248,104
t5249,104
t5250,105
t5251,103
t5252,103
t5253,103
t5254,101
t5255,101
t5256,101
t5257,100
t5258,100
t5259,100
t5260,99
t5261,99
t5262,99
t5263,98
t5264,101
t5265,101
t5266,100
t5267,102
t5268,102
t5269,101
t5270,101
t5271,102
t5272,103
t5273,104
t5274,104
t5275,104
t5276,103
t5277,103
t5278,103
t5279,102
t5280,102
t5281,102
t5282,100
t5283,99
t5284,100
t5285,100
t5286,99
t5287,99
t5288,100
t5289,100
t5290,101
t5291,102
t5292,103
t5293,104
t5294,104
t5295,104
t5296,104
t5297,103
t5298,104
t5299,104
t5300,103
t5301,105
t5302,105
t5303,104
t5304,105
t5305,106
t5306,106
t5307,106
t5308,105
t5309,104
t5310,104
t5311,104
t5312,104
t5313,104
t5314,104
t5315,103
t5316,103
t5317,104
t5318,105
t5319,106
t5320,106
t5321,106
t5322,106
t5323,104
t5324,102
t5325,103
t5326,103
t5327,102
t5328,103
t5329,103
t5330,101
t5331,99
t5332,98
t5333,98
t5334,98
t5335,98
t5336,99
t5337,101
t5338,102
t5339,102
t5340,102
t5341,102
t5342,103
t5343,104
t5344,104
t5345,103
t5346,103
t5347,103
t5348,102
t5349,103
t5350,103
t5351,102
t5352,102
t5353,102
t5354,102
t5355,102
t5356,102
t5357,101
t5358,100
t5359,100
t5360,100
t5361,102
t5362,104
t5363,104
t5364,105
t5365,106
t5366,106
t5367,106
t5368,107
t5369,107
t5370,107
t5371,106
t5372,103
t5373,105
t5374,106
t5375,103
t5376,103
t5377,104
t5378,103
t5379,103
t5380,102
t5381,101
t5382,100
t5383,98
t5384,99
t5385,101
t5386,102
t5387,103
t5388,105
t5389,106
t5390,106
t5391,106
t5392,107
t5393,108
t5394,108
t5395,107
t5396,106
t5397,107
t5398,107
t5399,105
t5400,105
t5401,105
t5402,105
t5403,106
t5404,105
t5405,104
t5406,103
t5407,102
t5408,102
t5409,103
t5410,105
t5411,106
t5412,107
t5413,107
t5414,106
t5415,106
t5416,106
t5417,106
t5418,106
t5419,106
t5420,105
t5421,104
t5422,105
t5423,104
t5424,103
t5425,102
t5426,102
t5427,105
t5428,104
t5429,103
t5430,104
t5431,103
t5432,103
t5433,103
t5434,104
t5435,105
t5436,106
t5437,107
t5438,106
t5439,106
t5440,106
t5441,105
t5442,104
t5443,106
t5444,105
t5445,104
t5446,104
t5447,103
t5448,104
t5449,103
t5450,103
t5451,103
t5452,102
t5453,102
t5454,101
t5455,100
t5456,101
t5457,102
t5458,103
t5459,106
t5460,107
t5461,106
t5462,106
t5463,105
t5464,105
t5465,105
t5466,104
t5467,105
t5468,105
t5469,105
t5470,104
t5471,103
t5472,104
t5473,104
t5474,102
t5475,102
t5476,102
t5477,101
t5478,101
t5479,100
t5480,101
t5481,104
t5482,106
t5483,105
t5484,105
t5485,106
t5486,106
t5487,106
t5488,106
t5489,106
t5490,105
t5491,105
t5492,104
t5493,103
t5494,103
t5495,103
t5496,103
t5497,102
t5498,102
t5499,102
t5500,102
t5501,102
t5502,101
t5503,100
t5504,100
t5505,100
t5506,101
t5507,103
t5508,104
t5509,103
t5510,104
t5511,105
t5512,104
t5513,104
t5514,104
t5515,104
t5516,104
t5517,103
t5518,102
t5519,102
t5520,102
t5521,102
t5522,102
t5523,102
t5524,102
t5525,101
t5526,100
t5527,100
t5528,100
t5529,101
t5530,102
t5531,102
t5532,102
t5533,102
t5534,103
t5535,104
t5536,104
t5537,104
t5538,104
t5539,103
t5540,103
t5541,104
t5542,104
t5543,104
t5544,104
t5545,104
t5546,103
t5547,102
t5548,103
t5549,102
t5550,100
t5551,100
t5552,100
t5553,103
t5554,101
t5555,101
t5556,107
t5557,108
t5558,104
t5559,104
t5560,108
t5561,104
t5562,104
t5563,108
t5564,108
t5565,103
t5566,103
t5567,108
t5568,107
t5569,102
t5570,102
t5571,106
t5572,106
t5573,106
t5574,101
t5575,100
t5576,104
t5577,105
t5578,102
t5579,102
t5580,107
t5581,108
t5582,104
t5583,104
t5584,108
t5585,103
t5586,102
t5587,107
t5588,108
t5589,103
t5590,102
t5591,106
t5592,106
t5593,102
t5594,102
t5595,106
t5596,106
t5597,106
t5598,101
t5599,100
t5600,105
t5601,102
t5602,103
t5603,108
t5604,108
t5605,104
t5606,104
t5607,108
t5608,103
t5609,103
t5610,108
t5611,103
t5612,103
t5613,108
t5614,103
t5615,102
t5616,106
t5617,106
t5618,102
t5619,102
t5620,105
t5621,105
t5622,100
t5623,99
t5624,104
t5625,105
t5626,102
t5627,104
t5628,105
t5629,104
t5630,108
t5631,108
t5632,104
t5633,104
t5634,103
t5635,103
t5636,108
t5637,103
t5638,102
t5639,105
t5640,100
t5641,102
t5642,106
t5643,104
t5644,104
t5645,99
t5646,99
t5647,104
t5648,99
t5649,99
t5650,105
t5651,107
t5652,104
t5653,104
t5654,108
t5655,108
t5656,104
t5657,103
t5658,102
t5659,103
t5660,107
t5661,106
t5662,102
t5663,102
t5664,106
t5665,102
t5666,101
t5667,104
t5668,104
t5669,99
t5670,99
t5671,103
t5672,98
t5673,100
t5674,107
t5675,108
t5676,104
t5677,104
t5678,109
t5679,104
t5680,103
t5681,109
t5682,110
t5683,105
t5684,104
t5685,107
t5686,102
t5687,102
t5688,106
t5689,106
t5690,102
t5691,102
t5692,106
t5693,106
t5694,106
t5695,101
t5696,101
t5697,106
t5698,102
t5699,102
t5700,107
t5701,109
t5702,105
t5703,105
t5704,110
t5705,105
t5706,104
t5707,108
t5708,103
t5709,103
t5710,107
t5711,107
t5712,103
t5713,103
t5714,108
t5715,107
t5716,102
t5717,102
t5718,106
t5719,105
t5720,103
t5721,105
t5722,103
t5723,103
t5724,109
t5725,109
t5726,104
t5727,105
t5728,110
t5729,104
t5730,103
t5731,108
t5732,108
t5733,103
t5734,102
t5735,106
t5736,107
t5737,103
t5738,102
t5739,105
t5740,105
t5741,105
t5742,101
t5743,101
t5744,104
t5745,106
t5746,103
t5747,103
t5748,108
t5749,108
t5750,104
t5751,105
t5752,110
t5753,105
t5754,104
t5755,108
t5756,108
t5757,103
t5758,102
t5759,106
t5760,106
t5761,102
t5762,102
t5763,106
t5764,106
t5765,106
t5766,101
t5767,100
t5768,105
t5769,102
t5770,103
t5771,108
t5772,108
t5773,103
t5774,103
t5775,108
t5776,104
t5777,104
t5778,108
t5779,103
t5780,103
t5781,107
t5782,102
t5783,101
t5784,104
t5785,104
t5786,100
t5787,101
t5788,105
t5789,104
t5790,99
t5791,98
t5792,102
t5793,104
t5794,101
t5795,102
t5796,103
t5797,102
t5798,107
t5799,107
t5800,103
t5801,104
t5802,103
t5803,102
t5804,107
t5805,102
t5806,101
t5807,106
t5808,101
t5809,100
t5810,104
t5811,103
t5812,102
t5813,98
t5814,99
t5815,103
t5816,98
t5817,100
t5818,106
t5819,107
t5820,103
t5821,102
t5822,107
t5823,108
t5824,103
t5825,102
t5826,102
t5827,103
t5828,107
t5829,107
t5830,102
t5831,101
t5832,106
t5833,100
t5834,99
t5835,104
t5836,104
t5837,99
t5838,99
t5839,103
t5840,99
t5841,100
t5842,105
t5843,106
t5844,101
t5845,101
t5846,107
t5847,103
t5848,103
t5849,108
t5850,108
t5851,103
t5852,103
t5853,107
t5854,102
t5855,101
t5856,104
t5857,104
t5858,99
t5859,99
t5860,103
t5861,103
t5862,104
t5863,99
t5864,99
t5865,104
t5866,100
t5867,101
t5868,106
t5869,107
t5870,103
t5871,103
t5872,108
t5873,103
t5874,103
t5875,107
t5876,102
t5877,102
t5878,106
t5879,106
t5880,101
t5881,100
t5882,104
t5883,104
t5884,98
t5885,97
t5886,101
t5887,100
t5888,99
t5889,100
t5890,97
t5891,96
t5892,100
t5893,100
t5894,96
t5895,97
t5896,102
t5897,97
t5898,96
t5899,100
t5900,100
t5901,96
t5902,96
t5903,100
t5904,100
t5905,96
t5906,96
t5907,100
t5908,100
t5909,100
t5910,96
t5911,96
t5912,100
t5913,100
t5914,96
t5915,96
t5916,100
t5917,101
t5918,97
t5919,97
t5920,102
t5921,98
t5922,99
t5923,103
t5924,102
t5925,97
t5926,96
t5927,100
t5928,100
t5929,100
t5930,96
t5931,96
t5932,100
t5933,100
t5934,96
t5935,96
t5936,101
t5937,101
t5938,96
t5939,97
t5940,103
t5941,104
t5942,99
t5943,99
t5944,105
t5945,105
t5946,99
t5947,100
t5948,105
t5949,98
t5950,97
t5951,101
t5952,100
t5953,100
t5954,96
t5955,97
t5956,101
t5957,101
t5958,97
t5959,96
t5960,100
t5961,101
t5962,97
t5963,97
t5964,98
t5965,96
t5966,100
t5967,103
t5968,104
t5969,104
t5970,99
t5971,99
t5972,104
t5973,104
t5974,104
t5975,99
t5976,99
t5977,104
t5978,104
t5979,103
t5980,102
t5981,98
t5982,98
t5983,102
t5984,102
t5985,102
t5986,102
t5987,98
t5988,98
t5989,102
t5990,102
t5991,102
t5992,102
t5993,102
t5994,102
t5995,97
t5996,97
t5997,102
t5998,101
t5999,96
t6000,97
t6001,101
t6002,101
t6003,101
t6004,100
t6005,96
t6006,97
t6007,102
t6008,101
t6009,101
t6010,102
t6011,98
t6012,99
t6013,104
t6014,104
t6015,104
t6016,99
t6017,98
t6018,102
t6019,102
t6020,102
t6021,98
t6022,98
t6023,102
t6024,101
t6025,96
t6026,96
t6027,100
t6028,100
t6029,100
t6030,96
t6031,96
t6032,100
t6033,100
t6034,96
t6035,97
t6036,103
t6037,103
t6038,98
t6039,98
t6040,102
t6041,102
t6042,102
t6043,102
t6044,97
t6045,97
t6046,102
t6047,101
t6048,101
t6049,101
t6050,96
t6051,96
t6052,100
t6053,100
t6054,100
t6055,100
t6056,96
t6057,96
t6058,101
t6059,102
t6060,102
t6061,102
t6062,98
t6063,98
t6064,102
t6065,103
t6066,103
t6067,102
t6068,97
t6069,96
t6070,101
t6071,101
t6072,100
t6073,100
t6074,96
t6075,96
t6076,100
t6077,100
t6078,100
t6079,100
t6080,96
t6081,96
t6082,101
t6083,102
t6084,102
t6085,103
t6086,99
t6087,100
t6088,105
t6089,103
t6090,102
t6091,98
t6092,98
t6093,102
t6094,101
t6095,101
t6096,102
t6097,97
t6098,97
t6099,102
t6100,101
t6101,101
t6102,101
t6103,101
t6104,102
t6105,102
t6106,102
t6107,98
t6108,99
t6109,104
t6110,104
t6111,104
t6112,104
t6113,100
t6114,100
t6115,104
t6116,104
t6117,103
t6118,103
t6119,104
t6120,104
t6121,104
t6122,102
t6123,101
t6124,97
t6125,96
t6126,101
t6127,101
t6128,100
t6129,100
t6130,101
t6131,102
t6132,102
t6133,103
t6134,104
t6135,99
t6136,98
t6137,103
t6138,104
t6139,104
t6140,104
t6141,103
t6142,103
t6143,99
t6144,98
t6145,101
t6146,101
t6147,101
t6148,100
t6149,100
t6150,100
t6151,100
t6152,100
t6153,100
t6154,100
t6155,100
t6156,100
t6157,101
t6158,102
t6159,97
t6160,97
t6161,102
t6162,102
t6163,101
t6164,96
t6165,101
t6166,101
t6167,97
t6168,101
t6169,100
t6170,100
t6171,100
t6172,100
t6173,100
t6174,100
t6175,100
t6176,96
t6177,96
t6178,100
t6179,100
t6180,101
t6181,102
t6182,102
t6183,102
t6184,97
t6185,97
t6186,102
t6187,102
t6188,102
t6189,102
t6190,101
t6191,96
t6192,96
t6193,100
t6194,100
t6195,100
t6196,100
t6197,100
t6198,96
t6199,96
t6200,100
t6201,100
t6202,101
t6203,102
t6204,102
t6205,98
t6206,98
t6207,102
t6208,102
t6209,102
t6210,102
t6211,102
t6212,102
t6213,101
t6214,101
t6215,97
t6216,96
t6217,100
t6218,100
t6219,100
t6220,100
t6221,100
t6222,101
t6223,101
t6224,96
t6225,96
t6226,100
t6227,101
t6228,101
t6229,102
t6230,103
t6231,98
t6232,98
t6233,103
t6234,103
t6235,102
t6236,101
t6237,96
t6238,96
t6239,100
t6240,100
t6241,100
t6242,100
t6243,96
t6244,96
t6245,100
t6246,100
t6247,96
t6248,96
t6249,100
t6250,100
t6251,100
t6252,100
t6253,96
t6254,97
t6255,102
t6256,102
t6257,102
t6258,97
t6259,97
t6260,101
t6261,101
t6262,101
t6263,101
t6264,97
t6265,96
t6266,100
t6267,100
t6268,100
t6269,100
t6270,100
t6271,101
t6272,97
t6273,96
t6274,100
t6275,102
t6276,103
t6277,102
t6278,103
t6279,103
t6280,103
t6281,103
t6282,102
t6283,98
t6284,98
t6285,102
t6286,101
t6287,100
t6288,96
t6289,96
t6290,100
t6291,100
t6292,100
t6293,100
t6294,100
t6295,96
t6296,96
t6297,100
t6298,100
t6299,100
t6300,100
t6301,100
t6302,96
t6303,96
t6304,100
t6305,100
t6306,100
t6307,96
t6308,96
t6309,100
t6310,100
t6311,100
t6312,100
t6313,96
t6314,96
t6315,100
t6316,100
t6317,100
t6318,100
t6319,96
t6320,96
t6321,100
t6322,100
t6323,100
t6324,100
t6325,96
t6326,96
t6327,100
t6328,100
t6329,100
t6330,100
t6331,100
t6332,100
t6333,96
t6334,96
t6335,100
t6336,100
t6337,100
t6338,100
t6339,100
t6340,100
t6341,100
t6342,100
t6343,100
t6344,96
t6345,96
t6346,100
t6347,100
t6348,100
t6349,100
t6350,100
t6351,100
t6352,96
t6353,96
t6354,105
t6355,101
t6356,96
t6357,100
t6358,100
t6359,100
t6360,100
t6361,100
t6362,96
t6363,101
t6364,101
t6365,96
t6366,100
t6367,100
t6368,100
t6369,100
t6370,100
t6371,101
t6372,97
t6373,97
t6374,103
t6375,103
t6376,102
t6377,102
t6378,102
t6379,102
t6380,102
t6381,102
t6382,102
t6383,101
t6384,100
t6385,101
t6386,101
t6387,100
t6388,100
t6389,100
t6390,101
t6391,101
t6392,100
t6393,101
t6394,102
t6395,102
t6396,103
t6397,103
t6398,102
t6399,103
t6400,103
t6401,103
t6402,104
t6403,104
t6404,103
t6405,102
t6406,101
t6407,101
t6408,101
t6409,100
t6410,105
t6411,105
t6412,100
t6413,100
t6414,100
t6415,100
t6416,100
t6417,101
t6418,102
t6419,102
t6420,103
t6421,104
t6422,105
t6423,105
t6424,104
t6425,104
t6426,104
t6427,104
t6428,104
t6429,103
t6430,102
t6431,102
t6432,101
t6433,101
t6434,101
t6435,100
t6436,100
t6437,100
t6438,100
t6439,100
t6440,105
t6441,101
t6442,101
t6443,106
t6444,103
t6445,103
t6446,102
t6447,102
t6448,102
t6449,102
t6450,107
t6451,107
t6452,102
t6453,102
t6454,103
t6455,103
t6456,101
t6457,101
t6458,101
t6459,100
t6460,100
t6461,100
t6462,100
t6463,100
t6464,100
t6465,100
t6466,101
t6467,102
t6468,102
t6469,102
t6470,107
t6471,108
t6472,103
t6473,103
t6474,103
t6475,103
t6476,108
t6477,107
t6478,101
t6479,101
t6480,102
t6481,101
t6482,100
t6483,100
t6484,101
t6485,101
t6486,100
t6487,100
t6488,100
t6489,101
t6490,102
t6491,103
t6492,104
t6493,108
t6494,108
t6495,104
t6496,103
t6497,103
t6498,104
t6499,104
t6500,108
t6501,107
t6502,102
t6503,101
t6504,101
t6505,101
t6506,101
t6507,101
t6508,100
t6509,100
t6510,100
t6511,100
t6512,100
t6513,100
t6514,100
t6515,100
t6516,100
t6517,100
t6518,100
t6519,100
t6520,100
t6521,100
t6522,100
t6523,100
t6524,100
t6525,100
t6526,100
t6527,100
t6528,100
t6529,100
t6530,100
t6531,100
t6532,100
t6533,100
t6534,100
t6535,105
t6536,101
t6537,101
t6538,105
t6539,100
t6540,100
t6541,101
t6542,102
t6543,107
t6544,107
t6545,102
t6546,103
t6547,103
t6548,102
t6549,106
t6550,105
t6551,100
t6552,100
t6553,100
t6554,100
t6555,105
t6556,105
t6557,100
t6558,100
t6559,100
t6560,100
t6561,100
t6562,101
t6563,107
t6564,108
t6565,104
t6566,103
t6567,103
t6568,104
t6569,108
t6570,107
t6571,103
t6572,103
t6573,102
t6574,101
t6575,105
t6576,106
t6577,101
t6578,100
t6579,101
t6580,106
t6581,105
t6582,100
t6583,100
t6584,100
t6585,100
t6586,106
t6587,108
t6588,104
t6589,103
t6590,102
t6591,103
t6592,109
t6593,108
t6594,103
t6595,104
t6596,102
t6597,101
t6598,106
t6599,106
t6600,103
t6601,102
t6602,101
t6603,102
t6604,106
t6605,105
t6606,100
t6607,100
t6608,101
t6609,102
t6610,102
t6611,107
t6612,108
t6613,104
t6614,109
t6615,109
t6616,105
t6617,105
t6618,104
t6619,108
t6620,108
t6621,104
t6622,103
t6623,102
t6624,102
t6625,101
t6626,101
t6627,106
t6628,105
t6629,100
t6630,100
t6631,100
t6632,100
t6633,105
t6634,107
t6635,108
t6636,107
t6637,103
t6638,108
t6639,108
t6640,104
t6641,104
t6642,109
t6643,108
t6644,102
t6645,102
t6646,107
t6647,107
t6648,102
t6649,101
t6650,101
t6651,106
t6652,106
t6653,101
t6654,100
t6655,105
t6656,105
t6657,100
t6658,101
t6659,103
t6660,104
t6661,109
t6662,109
t6663,105
t6664,105
t6665,104
t6666,104
t6667,103
t6668,107
t6669,107
t6670,101
t6671,101
t6672,101
t6673,105
t6674,105
t6675,100
t6676,100
t6677,105
t6678,105
t6679,100
t6680,100
t6681,100
t6682,105
t6683,105
t6684,101
t6685,101
t6686,105
t6687,105
t6688,100
t6689,105
t6690,105
t6691,100
t6692,100
t6693,100
t6694,100
t6695,100
t6696,100
t6697,100
t6698,100
t6699,100
t6700,100
t6701,100
t6702,100
t6703,100
t6704,100
t6705,100
t6706,100
t6707,100
t6708,100
t6709,100
t6710,105
t6711,105
t6712,100
t6713,100
t6714,100
t6715,100
t6716,100
t6717,100
t6718,105
t6719,105
t6720,100
t6721,100
t6722,100
t6723,100
t6724,100
t6725,100
t6726,100
t6727,100
t6728,100
t6729,105
t6730,105
t6731,100
t6732,100
t6733,100
t6734,100
t6735,100
t6736,100
t6737,100
t6738,105
t6739,105
t6740,100
t6741,100
t6742,100
t6743,105
t6744,105
t6745,100
t6746,100
t6747,100
t6748,105
t6749,105
t6750,100
t6751,100
t6752,100
t6753,100
t6754,100
t6755,100
t6756,105
t6757,105
t6758,100
t6759,100
t6760,105
t6761,105
t6762,100
t6763,100
t6764,100
t6765,100
t6766,105
t6767,105
t6768,100
t6769,100
t6770,100
t6771,105
t6772,105
t6773,100
t6774,100
t6775,100
t6776,100
t6777,105
t6778,105
t6779,101
t6780,105
t6781,112
t6782,112
t6783,105
t6784,101
t6785,100
t6786,100
t6787,100
t6788,105
t6789,105
t6790,100
t6791,100
t6792,100
t6793,100
t6794,105
t6795,105
t6796,100
t6797,100
t6798,105
t6799,105
t6800,100
t6801,100
t6802,105
t6803,105
t6804,100
t6805,100
t6806,105
t6807,105
t6808,100
t6809,100
t6810,100
t6811,100
t6812,105
t6813,105
t6814,100
t6815,100
t6816,100
t6817,105
t6818,105
t6819,100
t6820,100
t6821,105
t6822,105
t6823,100
t6824,100
t6825,105
t6826,105
t6827,100
t6828,100
t6829,100
t6830,105
t6831,105
t6832,100
t6833,105
t6834,105
t6835,100
t6836,100
t6837,100
t6838,100
t6839,105
t6840,105
t6841,100
t6842,100
t6843,100
t6844,100
t6845,100
t6846,100
t6847,100
t6848,100
t6849,105
t6850,105
t6851,100
t6852,100
t6853,100
t6854,105
t6855,105
t6856,101
t6857,101
t6858,105
t6859,105
t6860,100
t6861,100
t6862,100
t6863,105
t6864,105
t6865,100
t6866,100
t6867,105
t6868,105
t6869,100
t6870,105
t6871,105
t6872,100
t6873,100
t6874,100
t6875,105
t6876,105
t6877,100
t6878,100
t6879,105
t6880,106
t6881,102
t6882,101
t6883,100
t6884,100
t6885,100
t6886,105
t6887,105
t6888,100
t6889,100
t6890,100
t6891,100
t6892,105
t6893,105
t6894,100
t6895,100
t6896,102
t6897,100
t6898,98
t6899,100
t6900,100
t6901,105
t6902,106
t6903,102
t6904,102
t6905,102
t6906,106
t6907,105
t6908,100
t6909,100
t6910,100
t6911,100
t6912,100
t6913,100
t6914,109
t6915,105
t6916,96
t6917,100
t6918,100
t6919,105
t6920,101
t6921,101
t6922,105
t6923,100
t6924,100
t6925,100
t6926,105
t6927,105
t6928,101
t6929,101
t6930,100
t6931,100
t6932,105
t6933,105
t6934,100
t6935,100
t6936,100
t6937,100
t6938,100
t6939,105
t6940,105
t6941,100
t6942,100
t6943,100
t6944,105
t6945,101
t6946,101
t6947,105
t6948,100
t6949,100
t6950,105
t6951,105
t6952,100
t6953,100
t6954,100
t6955,100
t6956,105
t6957,105
t6958,100
t6959,100
t6960,100
t6961,100
t6962,100
t6963,105
t6964,101
t6965,101
t6966,105
t6967,100
t6968,100
t6969,100
t6970,100
t6971,100
t6972,105
t6973,105
t6974,100
t6975,100
t6976,100
t6977,100
t6978,100
t6979,105
t6980,101
t6981,96
t6982,100
t6983,100
t6984,100
t6985,100
t6986,100
t6987,100
t6988,100
t6989,100
t6990,100
t6991,100
t6992,100
t6993,100
t6994,100
t6995,100
t6996,105
t6997,101
t6998,101
t6999,105
t7000,100
t7001,100
t7002,100
t7003,100
t7004,100
t7005,100
t7006,100
t7007,100
t7008,100
t7009,100
t7010,100
t7011,100
t7012,100
t7013,100
t7014,100
t7015,100
t7016,100
t7017,100
t7018,100
t7019,100
t7020,100
t7021,100
t7022,100
t7023,100
t7024,105
t7025,105
t7026,100
t7027,100
t7028,100
t7029,100
t7030,100
t7031,100
t7032,100
t7033,100
t7034,105
t7035,105
t7036,100
t7037,100
t7038,100
t7039,100
t7040,100
t7041,100
t7042,100
t7043,100
t7044,105
t7045,105
t7046,100
t7047,100
t7048,100
t7049,100
t7050,100
t7051,100
t7052,100
t7053,100
t7054,100
t7055,105
t7056,105
t7057,100
t7058,100
t7059,100
t7060,100
t7061,100
t7062,100
t7063,105
t7064,105
t7065,100
t7066,100
t7067,100
t7068,100
t7069,105
t7070,105
t7071,100
t7072,100
t7073,100
t7074,100
t7075,100
t7076,100
t7077,100
t7078,100
t7079,100
t7080,105
t7081,105
t7082,100
t7083,100
t7084,100
t7085,100
t7086,100
t7087,100
t7088,100
t7089,100
t7090,100
t7091,100
t7092,100
t7093,100
t7094,100
t7095,105
t7096,105
t7097,100
t7098,100
t7099,100
t7100,100
t7101,100
t7102,100
t7103,100
t7104,100
t7105,100
t7106,100
t7107,100
t7108,100
t7109,100
t7110,105
t7111,105
t7112,100
t7113,100
t7114,100
t7115,100
t7116,100
t7117,100
t7118,100
t7119,100
t7120,105
t7121,105
t7122,100
t7123,100
t7124,100
t7125,100
t7126,100
t7127,100
t7128,100
t7129,100
t7130,105
t7131,105
t7132,100
t7133,100
t7134,100
t7135,100
t7136,100
t7137,100
t7138,100
t7139,100
t7140,100
t7141,100
t7142,100
t7143,105
t7144,105
t7145,100
t7146,100
t7147,100
t7148,100
t7149,100
t7150,100
t7151,100
t7152,100
t7153,100
t7154,100
t7155,100
t7156,105
t7157,105
t7158,100
t7159,100
t7160,100
t7161,100
t7162,100
t7163,100
t7164,100
t7165,100
t7166,100
t7167,100
t7168,100
t7169,100
t7170,100
t7171,100
t7172,100
t7173,96
t7174,96
t7175,105
t7176,101
t7177,96
t7178,100
t7179,100
t7180,100
t7181,100
t7182,100
t7183,100
t7184,100
t7185,100
t7186,100
t7187,100
t7188,100
t7189,96
t7190,96
t7191,100
t7192,100
t7193,100
t7194,100
t7195,100
t7196,96
t7197,96
t7198,100
t7199,100
t7200,100
t7201,100
t7202,100
t7203,100
t7204,100
t7205,100
t7206,96
t7207,96
t7208,100
t7209,100
t7210,100
t7211,100
t7212,100
t7213,100
t7214,100
t7215,96
t7216,96
t7217,100
t7218,100
t7219,100
t7220,100
t7221,100
t7222,96
t7223,96
t7224,100
t7225,100
t7226,100
t7227,100
t7228,100
t7229,100
t7230,96
t7231,96
t7232,100
t7233,100
t7234,100
t7235,100
t7236,100
t7237,100
t7238,96
t7239,96
t7240,100
t7241,100
t7242,100
t7243,100
t7244,100
t7245,100
t7246,100
t7247,100
t7248,96
t7249,96
t7250,100
t7251,100
t7252,100
t7253,100
t7254,100
t7255,100
t7256,100
t7257,100
t7258,100
t7259,100
t7260,100
t7261,100
t7262,100
t7263,100
t7264,96
t7265,96
t7266,100
t7267,100
t7268,100
t7269,100
t7270,100
t7271,100
t7272,100
t7273,100
t7274,100
t7275,100
t7276,100
t7277,96
t7278,96
t7279,100
t7280,100
t7281,100
t7282,100
t7283,100
t7284,100
t7285,100
t7286,100
t7287,100
t7288,100
t7289,100
t7290,100
t7291,100
t7292,100
t7293,100
t7294,100
t7295,100
t7296,100
t7297,100
t7298,100
t7299,100
t7300,100
t7301,100
t7302,100
t7303,100
t7304,100
t7305,100
t7306,100
t7307,100
t7308,100
t7309,100
t7310,100
t7311,100
t7312,100
t7313,100
t7314,100
t7315,100
t7316,100
t7317,100
t7318,100
t7319,100
t7320,100
t7321,100
t7322,100
t7323,100
t7324,100
t7325,100
t7326,100
t7327,100
t7328,100
t7329,100
t7330,100
t7331,100
t7332,100
t7333,100
t7334,100
t7335,100
t7336,100
t7337,100
t7338,100
t7339,100
t7340,100
t7341,100
t7342,105
t7343,105
t7344,100
t7345,100
t7346,100
t7347,100
t7348,100
t7349,100
t7350,100
t7351,100
t7352,100
t7353,100
t7354,100
t7355,100
t7356,100
t7357,100
t7358,100
t7359,100
t7360,100
t7361,100
t7362,100
t7363,100
t7364,100
t7365,96
t7366,101
t7367,105
t7368,100
t7369,100
t7370,100
t7371,100
t7372,100
t7373,100
t7374,100
t7375,96
t7376,96
t7377,100
t7378,100
t7379,100
t7380,100
t7381,100
t7382,100
t7383,100
t7384,100
t7385,100
t7386,100
t7387,100
t7388,100
t7389,100
t7390,100
t7391,100
t7392,100
t7393,100
t7394,100
t7395,100
t7396,100
t7397,100
t7398,100
t7399,100
t7400,100
t7401,100
t7402,100
t7403,96
t7404,94
t7405,98
t7406,100
t7407,100
t7408,100
t7409,100
t7410,100
t7411,100
t7412,100
t7413,100
t7414,100
t7415,100
t7416,96
t7417,92
t7418,92
t7419,96
t7420,100
t7421,100
t7422,100
t7423,100
t7424,100
t7425,100
t7426,100
t7427,100
t7428,100
t7429,100
t7430,96
t7431,96
t7432,100
t7433,100
t7434,100
t7435,100
t7436,100
t7437,100
t7438,100
t7439,100
t7440,100
t7441,100
t7442,100
t7443,100
t7444,96
t7445,101
t7446,101
t7447,96
t7448,100
t7449,100
t7450,100
t7451,100
t7452,100
t7453,100
t7454,100
t7455,100
t7456,100
t7457,100
t7458,100
t7459,100
t7460,100
t7461,100
t7462,100
t7463,100
t7464,100
t7465,100
t7466,100
t7467,100
t7468,100
t7469,100
t7470,100
t7471,100
t7472,100
t7473,100
t7474,100
t7475,100
t7476,96
t7477,96
t7478,100
t7479,100
t7480,100
t7481,100
t7482,100
t7483,100
t7484,100
t7485,100
t7486,96
t7487,96
t7488,100
t7489,100
t7490,100
t7491,100
t7492,100
t7493,100
t7494,100
t7495,100
t7496,100
t7497,100
t7498,100
t7499,100
t7500,96
t7501,96
t7502,100
t7503,100
t7504,100
t7505,100
t7506,100
t7507,96
t7508,96
t7509,100
t7510,100
t7511,100
t7512,100
t7513,100
t7514,100
t7515,100
t7516,96
t7517,96
t7518,100
t7519,100
t7520,100
t7521,100
t7522,100
t7523,100
t7524,100
t7525,96
t7526,96
t7527,100
t7528,100
t7529,100
t7530,100
t7531,100
t7532,100
t7533,96
t7534,96
t7535,100
t7536,100
t7537,100
t7538,96
t7539,96
t7540,100
t7541,100
t7542,100
t7543,100
t7544,96
t7545,96
t7546,100
t7547,100
t7548,100
t7549,100
t7550,100
t7551,100
t7552,96
t7553,96
t7554,100
t7555,100
t7556,100
t7557,96
t7558,96
t7559,100
t7560,100
t7561,100
t7562,100
t7563,96
t7564,96
t7565,100
t7566,100
t7567,100
t7568,96
t7569,96
t7570,100
t7571,100
t7572,96
t7573,96
t7574,100
t7575,100
t7576,100
t7577,96
t7578,96
t7579,100
t7580,100
t7581,100
t7582,96
t7583,96
t7584,100
t7585,100
t7586,100
t7587,100
t7588,96
t7589,96
t7590,100
t7591,96
t7592,96
t7593,100
t7594,100
t7595,100
t7596,96
t7597,96
t7598,100
t7599,100
t7600,100
t7601,100
t7602,96
t7603,96
t7604,100
t7605,100
t7606,100
t7607,100
t7608,96
t7609,96
t7610,100
t7611,100
t7612,100
t7613,96
t7614,96
t7615,100
t7616,100
t7617,100
t7618,100
t7619,96
t7620,96
t7621,100
t7622,100
t7623,96
t7624,96
t7625,100
t7626,100
t7627,96
t7628,96
t7629,100
t7630,100
t7631,100
t7632,96
t7633,96
t7634,100
t7635,100
t7636,100
t7637,100
t7638,96
t7639,96
t7640,100
t7641,100
t7642,100
t7643,100
t7644,96
t7645,96
t7646,100
t7647,100
t7648,100
t7649,100
t7650,96
t7651,96
t7652,100
t7653,100
t7654,100
t7655,100
t7656,96
t7657,96
t7658,100
t7659,100
t7660,100
t7661,100
t7662,100
t7663,96
t7664,96
t7665,100
t7666,100
t7667,100
t7668,96
t7669,96
t7670,100
t7671,100
t7672,100
t7673,100
t7674,96
t7675,96
t7676,100
t7677,100
t7678,100
t7679,96
t7680,96
t7681,100
t7682,100
t7683,100
t7684,100
t7685,96
t7686,96
t7687,100
t7688,100
t7689,100
t7690,96
t7691,96
t7692,100
t7693,100
t7694,100
t7695,100
t7696,96
t7697,96
t7698,100
t7699,100
t7700,100
t7701,96
t7702,96
t7703,100
t7704,100
t7705,100
t7706,96
t7707,96
t7708,100
t7709,100
t7710,100
t7711,96
t7712,96
t7713,100
t7714,100
t7715,100
t7716,100
t7717,96
t7718,96
t7719,100
t7720,100
t7721,100
t7722,100
t7723,96
t7724,96
t7725,100
t7726,100
t7727,96
t7728,96
t7729,100
t7730,100
t7731,100
t7732,100
t7733,96
t7734,96
t7735,100
t7736,100
t7737,100
t7738,100
t7739,96
t7740,96
t7741,100
t7742,100
t7743,100
t7744,96
t7745,96
t7746,100
t7747,100
t7748,96
t7749,96
t7750,100
t7751,100
t7752,100
t7753,100
t7754,96
t7755,96
t7756,100
t7757,100
t7758,100
t7759,100
t7760,96
t7761,96
t7762,100
t7763,100
t7764,100
t7765,96
t7766,96
t7767,100
t7768,100
t7769,100
t7770,96
t7771,96
t7772,100
t7773,100
t7774,100
t7775,96
t7776,96
t7777,100
t7778,100
t7779,100
t7780,100
t7781,96
t7782,96
t7783,100
t7784,100
t7785,100
t7786,96
t7787,96
t7788,100
t7789,100
t7790,100
t7791,100
t7792,96
t7793,101
t7794,101
t7795,96
t7796,100
t7797,96
t7798,96
t7799,100
t7800,100
t7801,100
t7802,100
t7803,100
t7804,96
t7805,96
t7806,100
t7807,100
t7808,100
t7809,100
t7810,100
t7811,96
t7812,101
t7813,105
t7814,96
t7815,96
t7816,100
t7817,100
t7818,100
t7819,100
t7820,96
t7821,96
t7822,100
t7823,100
t7824,96
t7825,96
t7826,100
t7827,100
t7828,100
t7829,100
t7830,96
t7831,96
t7832,100
t7833,100
t7834,96
t7835,96
t7836,100
t7837,100
t7838,96
t7839,96
t7840,100
t7841,100
t7842,100
t7843,100
t7844,96
t7845,96
t7846,100
t7847,100
t7848,100
t7849,96
t7850,96
t7851,100
t7852,100
t7853,100
t7854,96
t7855,96
t7856,100
t7857,100
t7858,100
t7859,96
t7860,96
t7861,100
t7862,100
t7863,100
t7864,96
t7865,96
t7866,100
t7867,100
t7868,100
t7869,96
t7870,96
t7871,100
t7872,100
t7873,96
t7874,96
t7875,100
t7876,100
t7877,100
t7878,96
t7879,96
t7880,100
t7881,100
t7882,96
t7883,96
t7884,100
t7885,100
t7886,96
t7887,96
t7888,100
t7889,100
t7890,100
t7891,96
t7892,96
t7893,100
t7894,100
t7895,96
t7896,96
t7897,100
t7898,100
t7899,100
t7900,100
t7901,96
t7902,96
t7903,100
t7904,100
t7905,100
t7906,96
t7907,96
t7908,100
t7909,100
t7910,100
t7911,96
t7912,96
t7913,100
t7914,100
t7915,96
t7916,96
t7917,100
t7918,100
t7919,100
t7920,100
t7921,96
t7922,96
t7923,100
t7924,100
t7925,100
t7926,96
t7927,96
t7928,100
t7929,96
t7930,96
t7931,100
t7932,100
t7933,100
t7934,100
t7935,96
t7936,96
t7937,100
t7938,100
t7939,100
t7940,96
t7941,96
t7942,100
t7943,100
t7944,96
t7945,96
t7946,100
t7947,100
t7948,100
t7949,100
t7950,96
t7951,96
t7952,100
t7953,100
t7954,100
t7955,96
t7956,96
t7957,100
t7958,100
t7959,96
t7960,96
t7961,100
t7962,100
t7963,100
t7964,100
t7965,96
t7966,96
t7967,100
t7968,100
t7969,100
t7970,100
t7971,96
t7972,96
t7973,100
t7974,100
t7975,100
t7976,100
t7977,96
t7978,96
t7979,100
t7980,100
t7981,100
t7982,96
t7983,96
t7984,100
t7985,100
t7986,100
t7987,100
t7988,96
t7989,96
t7990,100
t7991,100
t7992,100
t7993,96
t7994,96
t7995,100
t7996,100
t7997,100
t7998,96
t7999,96
t8000,100
t8001,100
t8002,96
t8003,96
t8004,100
t8005,100
t8006,100
t8007,100
t8008,96
t8009,96
t8010,100
t8011,100
t8012,100
t8013,96
t8014,96
t8015,100
t8016,100
t8017,100
t8018,100
t8019,100
t8020,100
t8021,96
t8022,101
t8023,101
t8024,96
t8025,100
t8026,100
t8027,100
t8028,100
t8029,100
t8030,100
t8031,100
t8032,96
t8033,96
t8034,100
t8035,100
t8036,100
t8037,100
t8038,100
t8039,100
t8040,100
t8041,96
t8042,96
t8043,100
t8044,100
t8045,100
t8046,100
t8047,100
t8048,96
t8049,96
t8050,100
t8051,100
t8052,100
t8053,100
t8054,96
t8055,96
t8056,100
t8057,100
t8058,100
t8059,100
t8060,100
t8061,96
t8062,96
t8063,100
t8064,100
t8065,100
t8066,100
t8067,100
t8068,100
t8069,100
t8070,96
t8071,96
t8072,100
t8073,100
t8074,100
t8075,100
t8076,96
t8077,96
t8078,100
t8079,100
t8080,100
t8081,100
t8082,100
t8083,100
t8084,100
t8085,96
t8086,96
t8087,100
t8088,102
t8089,100
t8090,98
t8091,100
t8092,100
t8093,96
t8094,96
t8095,100
t8096,100
t8097,100
t8098,100
t8099,100
t8100,96
t8101,96
t8102,100
t8103,100
t8104,100
t8105,100
t8106,96
t8107,96
t8108,100
t8109,100
t8110,100
t8111,100
t8112,96
t8113,96
t8114,100
t8115,100
t8116,100
t8117,100
t8118,100
t8119,96
t8120,96
t8121,100
t8122,100
t8123,100
t8124,100
t8125,100
t8126,96
t8127,96
t8128,100
t8129,100
t8130,100
t8131,100
t8132,100
t8133,96
t8134,96
t8135,100
t8136,100
t8137,100
t8138,96
t8139,96
t8140,100
t8141,100
t8142,100
t8143,100
t8144,100
t8145,96
t8146,96
t8147,100
t8148,100
t8149,100
t8150,100
t8151,96
t8152,96
t8153,100
t8154,100
t8155,100
t8156,100
t8157,96
t8158,96
t8159,100
t8160,100
t8161,100
t8162,96
t8163,96
t8164,100
t8165,100
t8166,100
t8167,96
t8168,96
t8169,100
t8170,100
t8171,100
t8172,100
t8173,100
t8174,100
t8175,96
t8176,96
t8177,100
t8178,100
t8179,100
t8180,100
t8181,100
t8182,96
t8183,96
t8184,100
t8185,100
t8186,100
t8187,100
t8188,100
t8189,100
t8190,100
t8191,96
t8192,96
t8193,100
t8194,100
t8195,100
t8196,100
t8197,100
t8198,96
t8199,96
t8200,100
t8201,100
t8202,100
t8203,100
t8204,100
t8205,100
t8206,96
t8207,96
t8208,100
t8209,100
t8210,100
t8211,100
t8212,100
t8213,96
t8214,96
t8215,100
t8216,100
t8217,100
t8218,100
t8219,100
t8220,100
t8221,96
t8222,96
t8223,100
t8224,100
t8225,100
t8226,100
t8227,100
t8228,100
t8229,96
t8230,96
t8231,100
t8232,100
t8233,100
t8234,100
t8235,96
t8236,96
t8237,100
t8238,100
t8239,100
t8240,96
t8241,92
t8242,96
t8243,96
t8244,96
t8245,96
t8246,96
t8247,100
t8248,100
t8249,100
t8250,100
t8251,96
t8252,96
t8253,100
t8254,100
t8255,100
t8256,100
t8257,100
t8258,96
t8259,96
t8260,100
t8261,100
t8262,100
t8263,100
t8264,100
t8265,96
t8266,96
t8267,100
t8268,100
t8269,100
t8270,96
t8271,96
t8272,100
t8273,100
t8274,100
t8275,100
t8276,96
t8277,96
t8278,100
t8279,100
t8280,100
t8281,100
t8282,96
t8283,96
t8284,100
t8285,100
t8286,100
t8287,100
t8288,100
t8289,100
t8290,96
t8291,96
t8292,100
t8293,100
t8294,100
t8295,100
t8296,96
t8297,96
t8298,100
t8299,100
t8300,96
t8301,96
t8302,100
t8303,100
t8304,96
t8305,96
t8306,100
t8307,100
t8308,96
t8309,96
t8310,100
t8311,100
t8312,100
t8313,96
t8314,96
t8315,100
t8316,100
t8317,96
t8318,96
t8319,100
t8320,100
t8321,100
t8322,96
t8323,96
t8324,100
t8325,100
t8326,100
t8327,96
t8328,96
t8329,100
t8330,96
t8331,96
t8332,100
t8333,100
t8334,100
t8335,96
t8336,96
t8337,100
t8338,100
t8339,100
t8340,96
t8341,96
t8342,100
t8343,100
t8344,100
t8345,100
t8346,96
t8347,96
t8348,96
t8349,96
t8350,100
t8351,100
t8352,100
t8353,96
t8354,96
t8355,100
t8356,100
t8357,100
t8358,96
t8359,96
t8360,100
t8361,100
t8362,96
t8363,96
t8364,100
t8365,100
t8366,100
t8367,96
t8368,96
t8369,100
t8370,96
t8371,96
t8372,100
t8373,96
t8374,96
t8375,100
t8376,100
t8377,96
t8378,96
t8379,100
t8380,96
t8381,96
t8382,100
t8383,100
t8384,96
t8385,96
t8386,100
t8387,100
t8388,96
t8389,96
t8390,100
t8391,100
t8392,96
t8393,96
t8394,96
t8395,96
t8396,100
t8397,100
t8398,96
t8399,96
t8400,100
t8401,96
t8402,96
t8403,100
t8404,100
t8405,96
t8406,96
t8407,100
t8408,96
t8409,96
t8410,100
t8411,100
t8412,96
t8413,96
t8414,100
t8415,96
t8416,96
t8417,100
t8418,96
t8419,96
t8420,100
t8421,96
t8422,96
t8423,100
t8424,100
t8425,96
t8426,96
t8427,100
t8428,96
t8429,96
t8430,100
t8431,96
t8432,96
t8433,100
t8434,96
t8435,96
t8436,100
t8437,96
t8438,96
t8439,100
t8440,96
t8441,96
t8442,100
t8443,100
t8444,96
t8445,96
t8446,100
t8447,96
t8448,96
t8449,100
t8450,96
t8451,96
t8452,100
t8453,96
t8454,96
t8455,100
t8456,96
t8457,96
t8458,100
t8459,100
t8460,96
t8461,96
t8462,100
t8463,100
t8464,100
t8465,96
t8466,96
t8467,100
t8468,100
t8469,96
t8470,96
t8471,100
t8472,100
t8473,96
t8474,96
t8475,100
t8476,100
t8477,96
t8478,96
t8479,100
t8480,96
t8481,96
t8482,100
t8483,100
t8484,96
t8485,96
t8486,100
t8487,100
t8488,100
t8489,96
t8490,96
t8491,100
t8492,100
t8493,96
t8494,96
t8495,100
t8496,100
t8497,96
t8498,96
t8499,100
t8500,100
t8501,96
t8502,96
t8503,100
t8504,96
t8505,96
t8506,100
t8507,100
t8508,96
t8509,96
t8510,100
t8511,100
t8512,96
t8513,96
t8514,100
t8515,100
t8516,100
t8517,96
t8518,96
t8519,100
t8520,100
t8521,100
t8522,100
t8523,100
t8524,96
t8525,96
t8526,100
t8527,100
t8528,100
t8529,96
t8530,96
t8531,100
t8532,100
t8533,96
t8534,96
t8535,100
t8536,100
t8537,96
t8538,96
t8539,100
t8540,100
t8541,100
t8542,96
t8543,96
t8544,100
t8545,100
t8546,96
t8547,96
t8548,100
t8549,100
t8550,96
t8551,96
t8552,100
t8553,100
t8554,96
t8555,96
t8556,96
t8557,96
t8558,100
t8559,96
t8560,96
t8561,96
t8562,96
t8563,96
t8564,96
t8565,100
t8566,96
t8567,96
t8568,100
t8569,96
t8570,96
t8571,96
t8572,96
t8573,100
t8574,96
t8575,96
t8576,96
t8577,96
t8578,100
t8579,96
t8580,96
t8581,100
t8582,96
t8583,96
t8584,96
t8585,96
t8586,96
t8587,96
t8588,100
t8589,96
t8590,96
t8591,96
t8592,101
t8593,101
t8594,92
t8595,96
t8596,100
t8597,96
t8598,96
t8599,100
t8600,96
t8601,96
t8602,96
t8603,96
t8604,100
t8605,96
t8606,96
t8607,96
t8608,96
t8609,96
t8610,96
t8611,96
t8612,96
t8613,100
t8614,96
t8615,96
t8616,96
t8617,96
t8618,100
t8619,96
t8620,96
t8621,100
t8622,96
t8623,96
t8624,96
t8625,96
t8626,96
t8627,96
t8628,96
t8629,96
t8630,96
t8631,96
t8632,100
t8633,96
t8634,96
t8635,96
t8636,96
t8637,96
t8638,96
t8639,100
t8640,96
t8641,96
t8642,96
t8643,96
t8644,100
t8645,96
t8646,96
t8647,96
t8648,96
t8649,100
t8650,96
t8651,96
t8652,96
t8653,96
t8654,100
t8655,96
t8656,96
t8657,96
t8658,96
t8659,100
t8660,96
t8661,92
t8662,96
t8663,100
t8664,96
t8665,96
t8666,96
t8667,96
t8668,100
t8669,96
t8670,96
t8671,96
t8672,96
t8673,96
t8674,96
t8675,100
t8676,96
t8677,96
t8678,96
t8679,96
t8680,96
t8681,96
t8682,100
t8683,96
t8684,96
t8685,96
t8686,96
t8687,100
t8688,96
t8689,96
t8690,100
t8691,96
t8692,96
t8693,100
t8694,96
t8695,96
t8696,100
t8697,96
t8698,96
t8699,100
t8700,96
t8701,96
t8702,100
t8703,96
t8704,96
t8705,100
t8706,96
t8707,96
t8708,96
t8709,96
t8710,96
t8711,96
t8712,100
t8713,96
t8714,96
t8715,96
t8716,96
t8717,96
t8718,96
t8719,96
t8720,96
t8721,96
t8722,96
t8723,100
t8724,96
t8725,96
t8726,96
t8727,96
t8728,100
t8729,96
t8730,96
t8731,96
t8732,96
t8733,96
t8734,96
t8735,100
t8736,96
t8737,96
t8738,96
t8739,96
t8740,96
t8741,96
t8742,100
t8743,96
t8744,96
t8745,96
t8746,96
t8747,96
t8748,96
t8749,96
t8750,96
t8751,96
t8752,96
t8753,100
t8754,96
t8755,92
t8756,96
t8757,100
t8758,96
t8759,96
